user_id,signup_at,country,device,marketing_channel
1,2024-11-23 04:03:12,AT,Web,Referral
2,2024-05-05 08:07:36,DE,Web,Organic
3,2024-12-12 19:51:22,AT,Web,Social
4,2024-01-17 01:05:05,AT,iOS,Paid Search
5,2024-09-15 21:55:07,AT,Web,Paid Search
6,2024-11-28 19:50:26,FR,iOS,Social
7,2024-10-28 10:07:43,AT,iOS,Social
8,2024-06-23 10:07:01,DE,iOS,Referral
9,2024-02-22 03:22:36,FR,iOS,Referral
10,2024-06-25 21:58:51,UK,iOS,Social
11,2024-10-01 04:32:41,FR,iOS,Influencer
12,2024-05-30 22:53:17,ES,Android,Influencer
13,2024-04-08 02:31:56,AT,Web,Paid Search
14,2024-05-28 02:54:18,DE,iOS,Social
15,2024-05-22 16:30:29,IT,Android,Paid Search
16,2024-07-08 12:56:06,DE,Web,Referral
17,2024-12-25 23:35:39,AT,Web,Paid Search
18,2024-09-30 08:54:47,DE,Android,Social
19,2024-05-18 23:18:06,IT,Web,Paid Search
20,2024-12-16 11:48:24,AT,iOS,Organic
21,2024-06-10 14:36:21,UK,iOS,Paid Search
22,2024-10-17 11:27:25,DE,Web,Social
23,2024-07-21 23:24:19,FR,iOS,Referral
24,2024-03-12 08:58:45,IT,Web,Influencer
25,2024-05-14 21:17:02,FR,Web,Social
26,2024-07-04 07:59:06,DE,Web,Social
27,2024-02-16 01:42:55,AT,iOS,Paid Search
28,2024-12-14 15:22:13,ES,iOS,Social
29,2024-07-14 21:41:44,FR,Web,Referral
30,2024-10-10 00:25:04,IT,Web,Organic
31,2024-12-15 19:33:01,UK,Web,Referral
32,2024-02-27 10:41:09,FR,iOS,Social
33,2024-01-02 09:35:22,ES,iOS,Influencer
34,2024-02-24 22:45:59,UK,Web,Influencer
35,2024-11-07 07:14:31,DE,Android,Paid Search
36,2024-10-03 19:18:34,AT,Web,Referral
37,2024-09-07 00:42:32,AT,Android,Referral
38,2024-05-02 02:06:32,DE,Web,Organic
39,2024-02-13 17:41:39,AT,Web,Paid Search
40,2024-03-06 17:18:16,ES,iOS,Referral
41,2024-09-27 22:05:07,FR,iOS,Influencer
42,2024-12-19 07:19:25,IT,Android,Social
43,2024-12-09 23:39:40,UK,Android,Influencer
44,2024-08-19 04:24:20,DE,iOS,Organic
45,2024-06-22 00:45:57,ES,Web,Paid Search
46,2024-10-28 08:01:04,AT,iOS,Organic
47,2024-04-27 02:27:14,AT,Android,Organic
48,2024-09-20 08:39:55,UK,Web,Social
49,2024-04-19 19:37:58,DE,Web,Influencer
50,2024-10-22 17:12:33,DE,Android,Social
51,2024-04-07 03:26:03,AT,Web,Social
52,2024-06-30 15:25:19,FR,Android,Organic
53,2024-12-10 23:47:29,IT,iOS,Organic
54,2024-07-25 12:21:13,AT,iOS,Paid Search
55,2024-04-07 19:31:32,FR,iOS,Social
56,2024-04-03 10:08:29,FR,iOS,Organic
57,2024-08-14 20:02:12,AT,iOS,Influencer
58,2024-01-08 03:23:44,DE,iOS,Social
59,2024-09-05 17:31:32,DE,Android,Organic
60,2024-03-25 13:47:52,AT,Android,Referral
61,2024-08-20 10:23:08,FR,Web,Influencer
62,2024-12-04 17:43:08,DE,iOS,Referral
63,2024-04-21 02:07:45,ES,Web,Influencer
64,2024-02-01 11:25:04,AT,iOS,Influencer
65,2024-09-01 18:18:29,ES,iOS,Organic
66,2024-09-17 02:55:00,DE,iOS,Influencer
67,2024-02-04 08:33:48,FR,iOS,Influencer
68,2024-05-06 21:04:40,ES,iOS,Influencer
69,2024-02-11 15:15:48,IT,Web,Influencer
70,2024-09-24 11:31:07,UK,iOS,Referral
71,2024-05-02 09:40:14,FR,iOS,Referral
72,2024-08-22 11:30:41,AT,iOS,Social
73,2024-11-14 20:29:52,AT,iOS,Influencer
74,2024-04-19 18:25:07,UK,iOS,Referral
75,2024-02-05 08:53:38,UK,Android,Paid Search
76,2024-08-12 19:46:40,IT,Android,Influencer
77,2024-11-30 19:15:29,AT,Web,Influencer
78,2024-06-02 03:46:17,DE,Android,Organic
79,2024-02-24 20:08:32,DE,Android,Referral
80,2024-11-05 07:40:07,IT,Android,Paid Search
81,2024-12-17 23:05:30,UK,Web,Social
82,2024-05-08 01:50:58,AT,Web,Social
83,2024-05-21 01:36:18,AT,Android,Paid Search
84,2024-11-22 09:32:15,DE,Web,Social
85,2024-10-09 15:34:17,ES,iOS,Organic
86,2024-02-08 05:25:36,ES,iOS,Referral
87,2024-10-25 20:07:00,DE,Android,Paid Search
88,2024-01-22 11:13:24,UK,iOS,Referral
89,2024-04-17 09:05:06,IT,iOS,Referral
90,2024-10-13 14:47:44,ES,Web,Paid Search
91,2024-05-01 05:54:59,DE,Android,Organic
92,2024-04-01 12:05:40,FR,Web,Paid Search
93,2024-05-16 05:47:46,IT,iOS,Social
94,2024-01-20 17:08:14,DE,iOS,Social
95,2024-06-28 11:06:41,DE,iOS,Organic
96,2024-12-03 07:01:53,FR,Android,Referral
97,2024-02-05 10:09:45,UK,Web,Influencer
98,2024-07-23 19:31:22,UK,iOS,Organic
99,2024-05-13 06:30:05,ES,Android,Organic
100,2024-02-25 21:43:13,FR,Android,Referral
101,2024-08-11 22:04:17,ES,iOS,Social
102,2024-10-22 06:55:14,UK,iOS,Social
103,2024-01-01 18:55:46,ES,Web,Paid Search
104,2024-07-05 15:42:11,AT,Web,Referral
105,2024-11-15 11:25:45,IT,iOS,Referral
106,2024-09-16 11:15:38,IT,Android,Referral
107,2024-07-25 10:45:52,ES,iOS,Paid Search
108,2024-08-03 13:48:15,IT,Web,Paid Search
109,2024-11-11 20:43:13,UK,Android,Influencer
110,2024-01-01 11:03:49,UK,iOS,Social
111,2024-10-23 22:05:16,IT,Android,Social
112,2024-08-14 16:05:54,IT,iOS,Influencer
113,2024-08-30 06:10:41,IT,iOS,Referral
114,2024-09-20 23:02:40,ES,Android,Organic
115,2024-04-30 11:18:07,DE,iOS,Paid Search
116,2024-01-13 01:40:57,DE,Android,Influencer
117,2024-02-07 16:34:52,FR,Web,Influencer
118,2024-04-09 13:58:48,FR,Android,Paid Search
119,2024-03-16 23:53:10,IT,iOS,Organic
120,2024-08-05 07:58:03,DE,Web,Influencer
121,2024-08-25 01:49:42,ES,iOS,Organic
122,2024-08-21 04:51:17,FR,Web,Influencer
123,2024-10-13 21:40:47,UK,Android,Influencer
124,2024-09-15 15:32:13,ES,Android,Paid Search
125,2024-08-31 16:23:11,UK,iOS,Referral
126,2024-09-23 17:38:37,IT,iOS,Referral
127,2024-08-13 02:49:15,IT,Android,Paid Search
128,2024-05-19 12:13:40,UK,Web,Organic
129,2024-03-11 05:29:29,DE,Android,Paid Search
130,2024-12-27 07:47:23,AT,Android,Social
131,2024-06-18 19:45:21,FR,Android,Organic
132,2024-04-15 15:17:49,FR,Web,Organic
133,2024-10-21 13:50:57,FR,iOS,Referral
134,2024-06-01 14:11:56,FR,Web,Influencer
135,2024-11-04 08:01:46,FR,iOS,Referral
136,2024-08-11 17:40:54,AT,Android,Referral
137,2024-12-08 14:43:14,IT,iOS,Social
138,2024-03-06 22:39:20,ES,iOS,Social
139,2024-10-30 20:32:55,IT,iOS,Organic
140,2024-11-25 15:36:19,DE,Android,Paid Search
141,2024-01-26 09:28:19,FR,Android,Paid Search
142,2024-08-20 11:54:00,UK,Android,Referral
143,2024-08-03 09:11:05,AT,Android,Organic
144,2024-10-03 01:53:46,UK,iOS,Organic
145,2024-11-29 01:27:56,AT,iOS,Paid Search
146,2024-01-11 22:37:19,DE,iOS,Paid Search
147,2024-08-30 04:09:53,ES,iOS,Social
148,2024-12-24 09:19:46,UK,iOS,Influencer
149,2024-11-06 04:10:12,DE,Android,Organic
150,2024-10-23 00:56:05,UK,Web,Social
151,2024-07-22 07:13:15,AT,Web,Paid Search
152,2024-02-22 10:58:49,IT,Web,Organic
153,2024-10-16 01:29:43,UK,Web,Social
154,2024-12-04 13:29:31,AT,Web,Referral
155,2024-01-07 15:17:37,FR,iOS,Social
156,2024-07-04 23:08:27,FR,Web,Paid Search
157,2024-08-10 06:24:46,IT,Web,Referral
158,2024-11-11 19:35:39,FR,Android,Social
159,2024-10-30 09:46:19,UK,iOS,Organic
160,2024-05-22 16:24:47,DE,Android,Influencer
161,2024-11-08 13:47:54,UK,iOS,Social
162,2024-06-15 06:37:14,FR,iOS,Referral
163,2024-05-12 12:23:28,UK,Web,Referral
164,2024-10-11 00:22:10,ES,iOS,Organic
165,2024-05-03 14:47:51,FR,Web,Paid Search
166,2024-12-19 17:20:02,IT,Web,Social
167,2024-08-17 00:37:40,AT,Android,Paid Search
168,2024-07-26 08:51:30,UK,Web,Influencer
169,2024-07-07 17:13:51,ES,Web,Referral
170,2024-08-05 20:02:20,UK,Android,Social
171,2024-05-18 11:09:49,UK,iOS,Organic
172,2024-04-08 11:29:19,AT,Web,Influencer
173,2024-12-19 06:44:27,DE,iOS,Social
174,2024-05-21 21:27:58,ES,Web,Referral
175,2024-02-21 07:04:03,UK,iOS,Referral
176,2024-04-01 11:00:18,AT,Web,Influencer
177,2024-03-05 09:59:14,AT,iOS,Influencer
178,2024-05-29 04:35:51,IT,Android,Organic
179,2024-01-07 20:54:03,UK,Android,Social
180,2024-08-13 12:24:17,DE,iOS,Referral
181,2024-09-01 04:09:13,AT,Android,Social
182,2024-02-07 21:00:31,IT,Web,Organic
183,2024-03-18 05:25:55,ES,Android,Organic
184,2024-05-07 04:18:45,ES,Android,Influencer
185,2024-11-01 22:30:57,DE,Web,Social
186,2024-08-18 16:07:08,UK,Web,Social
187,2024-06-05 20:42:11,ES,iOS,Influencer
188,2024-02-20 07:33:55,IT,iOS,Referral
189,2024-12-04 02:57:21,DE,iOS,Paid Search
190,2024-10-09 02:43:58,DE,iOS,Social
191,2024-08-18 21:37:12,FR,Android,Organic
192,2024-04-28 10:29:22,IT,Android,Social
193,2024-02-06 08:29:55,UK,Web,Influencer
194,2024-12-04 07:12:08,FR,iOS,Influencer
195,2024-04-25 23:34:46,DE,Android,Paid Search
196,2024-02-06 02:10:16,DE,Android,Influencer
197,2024-10-18 10:30:28,FR,iOS,Social
198,2024-12-18 11:04:17,IT,Android,Referral
199,2024-09-13 19:39:36,FR,Android,Organic
200,2024-11-02 01:27:04,FR,Web,Referral
201,2024-11-05 09:06:56,AT,iOS,Paid Search
202,2024-12-11 20:56:32,ES,iOS,Referral
203,2024-10-22 01:27:53,DE,Android,Influencer
204,2024-11-29 16:06:03,UK,iOS,Influencer
205,2024-08-11 23:06:42,FR,iOS,Social
206,2024-06-27 14:52:03,UK,Android,Organic
207,2024-03-23 12:00:28,FR,Web,Social
208,2024-05-27 14:34:48,ES,iOS,Social
209,2024-02-15 11:27:04,UK,Android,Organic
210,2024-07-25 18:44:09,AT,Web,Influencer
211,2024-08-24 15:02:45,AT,iOS,Influencer
212,2024-07-04 22:40:09,FR,Web,Social
213,2024-01-27 07:24:40,UK,Web,Paid Search
214,2024-05-27 15:57:04,IT,Android,Organic
215,2024-01-15 22:56:18,ES,iOS,Paid Search
216,2024-06-08 20:03:19,AT,Web,Social
217,2024-02-17 08:10:51,AT,Android,Organic
218,2024-11-27 05:36:21,FR,Web,Referral
219,2024-09-17 09:57:18,FR,Android,Social
220,2024-05-04 16:37:51,ES,iOS,Social
221,2024-04-07 21:49:21,ES,Web,Paid Search
222,2024-02-05 10:03:28,FR,Android,Influencer
223,2024-05-16 00:05:36,UK,Web,Referral
224,2024-10-27 21:06:51,IT,Android,Paid Search
225,2024-08-16 19:36:32,FR,Android,Referral
226,2024-10-09 19:47:08,FR,Android,Referral
227,2024-04-06 08:41:40,ES,Android,Paid Search
228,2024-07-29 01:35:20,UK,Web,Social
229,2024-12-27 13:52:48,FR,Web,Paid Search
230,2024-09-10 01:20:52,DE,Web,Influencer
231,2024-06-18 03:39:14,FR,iOS,Influencer
232,2024-08-21 00:33:31,IT,iOS,Social
233,2024-12-01 05:37:12,AT,Android,Referral
234,2024-06-22 22:41:31,IT,Android,Organic
235,2024-06-17 19:25:42,FR,Android,Social
236,2024-10-04 01:18:25,ES,iOS,Paid Search
237,2024-11-19 10:27:47,DE,Web,Organic
238,2024-08-10 03:35:03,IT,Web,Organic
239,2024-08-15 06:03:25,IT,Android,Organic
240,2024-01-24 11:48:36,AT,Android,Referral
241,2024-07-10 15:40:50,DE,iOS,Influencer
242,2024-07-29 20:36:17,IT,iOS,Paid Search
243,2024-03-30 02:52:30,ES,Android,Influencer
244,2024-12-15 08:46:06,FR,Web,Paid Search
245,2024-04-28 16:47:23,IT,Android,Social
246,2024-05-10 00:20:31,FR,Android,Influencer
247,2024-03-21 02:41:21,FR,Android,Influencer
248,2024-06-02 23:15:46,FR,Web,Referral
249,2024-08-21 10:59:59,DE,Android,Social
250,2024-02-24 08:38:11,FR,Web,Referral
251,2024-10-21 10:46:20,IT,Android,Organic
252,2024-12-03 14:24:39,UK,iOS,Influencer
253,2024-12-17 01:47:08,ES,Web,Social
254,2024-05-26 08:22:42,ES,Android,Paid Search
255,2024-11-21 06:55:20,ES,Android,Paid Search
256,2024-11-17 03:32:15,IT,Web,Organic
257,2024-06-07 16:02:59,AT,Web,Referral
258,2024-03-08 03:16:53,UK,Android,Social
259,2024-03-30 07:18:38,DE,Web,Referral
260,2024-09-28 18:16:11,UK,iOS,Referral
261,2024-09-03 10:44:44,IT,Android,Organic
262,2024-08-27 02:44:29,DE,iOS,Social
263,2024-10-12 13:19:02,AT,Android,Organic
264,2024-05-15 19:32:09,AT,Android,Referral
265,2024-12-10 09:32:42,ES,Android,Referral
266,2024-02-25 08:30:47,FR,iOS,Influencer
267,2024-10-14 11:56:32,ES,iOS,Organic
268,2024-11-21 16:54:12,IT,Android,Social
269,2024-02-29 05:05:20,AT,iOS,Referral
270,2024-09-09 04:13:40,AT,iOS,Influencer
271,2024-03-10 14:09:00,FR,Android,Influencer
272,2024-08-02 21:23:03,IT,Web,Paid Search
273,2024-07-31 23:50:41,AT,Android,Influencer
274,2024-07-27 10:11:06,AT,Web,Referral
275,2024-04-21 16:08:35,FR,iOS,Referral
276,2024-02-20 13:22:27,ES,Web,Referral
277,2024-02-01 14:29:44,UK,iOS,Organic
278,2024-08-20 03:20:15,IT,iOS,Influencer
279,2024-01-11 01:50:29,UK,iOS,Paid Search
280,2024-10-16 07:28:16,AT,Web,Paid Search
281,2024-10-27 07:51:45,DE,Android,Paid Search
282,2024-11-01 00:06:11,UK,iOS,Paid Search
283,2024-10-03 09:07:33,DE,iOS,Organic
284,2024-03-08 00:32:27,UK,iOS,Influencer
285,2024-06-14 00:34:28,DE,Android,Organic
286,2024-03-05 15:19:36,ES,iOS,Organic
287,2024-08-31 16:19:16,UK,Web,Influencer
288,2024-02-25 16:27:25,ES,iOS,Influencer
289,2024-01-23 23:59:23,ES,Android,Social
290,2024-11-25 01:08:02,AT,Android,Social
291,2024-08-06 03:55:50,FR,Web,Social
292,2024-02-07 02:56:29,UK,Web,Paid Search
293,2024-02-03 04:35:40,UK,Web,Influencer
294,2024-10-07 11:50:22,FR,Web,Influencer
295,2024-05-30 16:31:09,ES,Web,Social
296,2024-02-20 04:09:56,IT,Web,Influencer
297,2024-04-20 15:39:30,FR,iOS,Social
298,2024-06-22 16:30:41,FR,Android,Organic
299,2024-06-09 15:32:16,UK,Web,Referral
300,2024-07-10 05:33:26,IT,Android,Organic
301,2024-02-16 03:06:28,AT,Android,Organic
302,2024-07-09 04:44:14,ES,iOS,Influencer
303,2024-10-14 20:27:00,UK,Web,Organic
304,2024-07-29 12:52:26,IT,Android,Organic
305,2024-05-27 21:51:36,UK,Android,Organic
306,2024-10-22 18:28:27,DE,iOS,Social
307,2024-04-24 03:56:24,UK,Web,Referral
308,2024-02-28 10:08:32,ES,iOS,Social
309,2024-10-14 22:38:10,ES,Web,Influencer
310,2024-01-14 22:10:22,IT,Web,Referral
311,2024-01-15 06:34:07,UK,Web,Referral
312,2024-06-22 12:46:49,AT,iOS,Paid Search
313,2024-10-16 23:55:59,FR,iOS,Paid Search
314,2024-11-20 01:06:58,AT,Web,Influencer
315,2024-04-20 13:41:48,FR,Android,Referral
316,2024-03-21 13:28:23,UK,Web,Referral
317,2024-10-17 21:42:28,AT,iOS,Paid Search
318,2024-03-21 22:29:41,AT,Web,Organic
319,2024-05-19 16:07:59,IT,Android,Social
320,2024-11-06 16:05:39,FR,Android,Paid Search
321,2024-09-19 04:08:38,UK,Android,Organic
322,2024-05-25 21:35:43,FR,Web,Referral
323,2024-01-24 08:01:43,FR,Web,Organic
324,2024-01-04 07:26:34,UK,iOS,Paid Search
325,2024-05-10 10:32:18,UK,iOS,Organic
326,2024-09-11 15:40:46,DE,iOS,Social
327,2024-09-29 08:22:41,ES,Web,Referral
328,2024-02-06 14:27:24,IT,iOS,Social
329,2024-01-10 16:44:20,AT,Android,Influencer
330,2024-08-07 20:52:36,FR,Web,Social
331,2024-05-28 04:11:36,FR,iOS,Referral
332,2024-03-28 22:30:18,FR,Web,Referral
333,2024-02-15 15:54:00,AT,iOS,Social
334,2024-10-28 14:34:47,ES,iOS,Social
335,2024-06-07 12:21:40,DE,Android,Paid Search
336,2024-02-09 18:35:10,IT,iOS,Influencer
337,2024-09-18 07:03:35,UK,Android,Paid Search
338,2024-04-30 03:44:34,DE,Android,Paid Search
339,2024-03-29 21:55:57,DE,Web,Organic
340,2024-03-31 22:51:46,FR,Android,Influencer
341,2024-10-23 16:20:38,IT,Web,Influencer
342,2024-06-14 22:50:10,UK,iOS,Social
343,2024-02-04 17:04:22,FR,Web,Referral
344,2024-05-20 21:31:58,AT,Android,Influencer
345,2024-02-07 11:18:05,FR,Android,Organic
346,2024-01-30 13:25:31,UK,iOS,Organic
347,2024-11-10 21:37:47,ES,Android,Social
348,2024-10-24 20:10:55,IT,iOS,Social
349,2024-10-19 23:43:57,DE,Android,Influencer
350,2024-08-31 18:15:15,DE,iOS,Social
351,2024-02-22 12:30:15,IT,iOS,Influencer
352,2024-11-26 06:16:57,AT,iOS,Social
353,2024-08-12 19:04:50,ES,Web,Paid Search
354,2024-07-05 13:34:30,UK,Android,Social
355,2024-06-22 21:46:06,AT,Web,Referral
356,2024-02-03 12:00:13,AT,Web,Social
357,2024-05-25 09:10:29,IT,Web,Influencer
358,2024-03-17 12:08:14,AT,Web,Paid Search
359,2024-06-28 11:17:42,IT,Web,Social
360,2024-03-07 21:39:53,IT,iOS,Referral
361,2024-10-13 13:42:52,IT,Android,Paid Search
362,2024-12-09 19:09:55,AT,Web,Social
363,2024-09-17 13:10:25,AT,Android,Referral
364,2024-04-02 07:47:54,UK,Android,Paid Search
365,2024-04-25 05:00:30,DE,iOS,Referral
366,2024-02-21 18:29:03,ES,Web,Influencer
367,2024-01-20 12:15:40,ES,iOS,Influencer
368,2024-07-11 05:36:58,DE,iOS,Influencer
369,2024-03-25 15:56:06,AT,Android,Referral
370,2024-12-12 08:38:53,FR,Web,Referral
371,2024-08-17 08:31:11,ES,iOS,Referral
372,2024-08-28 07:03:50,UK,Web,Influencer
373,2024-08-13 16:48:33,UK,Android,Influencer
374,2024-09-27 15:14:34,DE,iOS,Influencer
375,2024-03-11 09:06:08,AT,Web,Social
376,2024-07-09 20:11:24,AT,Web,Influencer
377,2024-03-04 10:22:43,AT,iOS,Referral
378,2024-08-18 18:41:26,DE,Android,Organic
379,2024-04-23 16:25:30,UK,iOS,Social
380,2024-01-28 14:26:04,ES,Android,Paid Search
381,2024-07-16 02:58:16,UK,iOS,Organic
382,2024-06-12 03:36:27,IT,Web,Referral
383,2024-03-15 05:00:35,AT,Android,Social
384,2024-12-22 05:03:11,IT,Android,Social
385,2024-11-11 00:11:28,AT,iOS,Referral
386,2024-04-20 05:26:37,ES,Web,Influencer
387,2024-09-27 15:24:36,AT,Android,Paid Search
388,2024-06-03 04:26:10,AT,iOS,Social
389,2024-11-23 22:40:33,FR,iOS,Organic
390,2024-09-12 21:43:35,ES,iOS,Influencer
391,2024-10-21 08:48:31,IT,iOS,Referral
392,2024-08-07 00:03:25,ES,Android,Paid Search
393,2024-10-19 15:10:00,DE,Web,Organic
394,2024-09-25 13:07:45,AT,Web,Influencer
395,2024-09-16 18:28:55,ES,iOS,Social
396,2024-08-28 01:35:06,IT,Android,Referral
397,2024-05-09 00:35:28,UK,iOS,Referral
398,2024-05-03 23:55:27,IT,iOS,Influencer
399,2024-06-19 04:51:26,AT,Android,Influencer
400,2024-06-22 23:24:12,DE,Web,Social
401,2024-12-22 17:25:22,IT,iOS,Paid Search
402,2024-02-02 16:39:48,AT,Android,Paid Search
403,2024-01-23 07:15:44,AT,Android,Referral
404,2024-09-20 14:29:56,ES,Android,Referral
405,2024-01-19 23:33:10,DE,Android,Referral
406,2024-01-25 23:52:28,UK,Android,Organic
407,2024-07-07 15:54:32,FR,Web,Social
408,2024-07-16 12:20:38,DE,Android,Social
409,2024-07-07 18:54:22,UK,iOS,Social
410,2024-02-10 15:40:40,ES,iOS,Influencer
411,2024-05-30 11:41:41,AT,iOS,Referral
412,2024-12-04 10:45:50,UK,Android,Influencer
413,2024-08-06 06:04:02,IT,Android,Referral
414,2024-08-16 01:32:31,IT,Android,Influencer
415,2024-08-10 09:59:46,IT,iOS,Organic
416,2024-12-09 23:12:40,FR,Android,Influencer
417,2024-12-13 05:49:29,AT,iOS,Influencer
418,2024-12-13 15:57:12,AT,iOS,Organic
419,2024-04-30 23:29:22,UK,Android,Social
420,2024-10-17 01:10:44,ES,iOS,Social
421,2024-07-08 13:32:40,FR,iOS,Influencer
422,2024-03-11 19:16:37,UK,Android,Referral
423,2024-11-28 10:08:48,DE,iOS,Organic
424,2024-04-05 18:10:10,ES,Android,Influencer
425,2024-03-01 09:31:51,UK,Web,Social
426,2024-04-19 22:16:39,UK,Web,Social
427,2024-04-12 04:27:54,DE,iOS,Social
428,2024-03-29 16:12:21,AT,Web,Referral
429,2024-12-07 12:38:57,IT,iOS,Influencer
430,2024-10-04 10:34:18,UK,iOS,Paid Search
431,2024-07-04 18:31:23,DE,iOS,Paid Search
432,2024-03-12 08:37:09,FR,iOS,Referral
433,2024-10-10 20:50:09,UK,Android,Influencer
434,2024-03-07 22:16:49,AT,iOS,Referral
435,2024-07-22 17:25:39,ES,Android,Social
436,2024-10-21 02:41:06,DE,Android,Organic
437,2024-08-18 16:57:37,IT,Web,Referral
438,2024-03-06 20:04:20,IT,Web,Paid Search
439,2024-03-07 15:45:04,ES,iOS,Organic
440,2024-09-22 05:34:16,UK,iOS,Paid Search
441,2024-06-14 08:12:32,UK,Web,Referral
442,2024-02-10 09:07:27,DE,Web,Influencer
443,2024-05-20 04:33:26,IT,Android,Influencer
444,2024-09-30 03:24:05,ES,Web,Paid Search
445,2024-10-30 21:08:26,DE,iOS,Influencer
446,2024-11-05 12:17:32,ES,iOS,Organic
447,2024-02-11 01:39:18,IT,Web,Referral
448,2024-11-29 07:40:31,ES,Android,Influencer
449,2024-11-23 01:06:09,FR,Web,Influencer
450,2024-05-28 23:22:16,UK,Android,Paid Search
451,2024-12-16 14:47:07,UK,Android,Organic
452,2024-12-18 02:10:52,DE,Android,Social
453,2024-09-04 16:54:35,DE,Android,Influencer
454,2024-03-14 11:22:50,IT,Android,Referral
455,2024-07-23 04:45:39,UK,Web,Influencer
456,2024-02-24 11:37:07,DE,Android,Organic
457,2024-05-16 16:22:09,DE,iOS,Organic
458,2024-01-26 10:33:58,FR,Web,Social
459,2024-05-07 05:48:52,UK,Web,Referral
460,2024-04-07 05:48:05,FR,Web,Social
461,2024-09-12 11:14:01,FR,iOS,Organic
462,2024-07-20 18:24:09,FR,iOS,Paid Search
463,2024-10-25 12:50:54,AT,iOS,Referral
464,2024-09-10 21:45:17,IT,Web,Social
465,2024-05-26 19:32:25,AT,iOS,Social
466,2024-03-09 09:37:44,IT,Android,Social
467,2024-07-06 01:38:50,FR,iOS,Influencer
468,2024-10-14 07:05:13,UK,Web,Referral
469,2024-02-07 14:03:59,ES,Android,Influencer
470,2024-05-23 22:41:29,IT,Web,Organic
471,2024-03-06 03:31:12,FR,Android,Referral
472,2024-10-12 13:18:40,DE,iOS,Influencer
473,2024-09-17 14:36:50,ES,iOS,Organic
474,2024-01-20 04:59:21,IT,Android,Social
475,2024-09-22 16:38:18,DE,Web,Influencer
476,2024-03-12 11:56:27,ES,Android,Paid Search
477,2024-07-20 22:26:45,IT,Android,Influencer
478,2024-06-21 18:28:14,ES,Web,Social
479,2024-12-28 20:29:43,UK,Android,Organic
480,2024-07-07 12:03:36,IT,iOS,Social
481,2024-10-25 11:12:07,IT,Web,Organic
482,2024-11-01 17:16:45,UK,Web,Influencer
483,2024-10-22 08:17:04,IT,iOS,Influencer
484,2024-09-02 06:12:29,ES,Web,Influencer
485,2024-07-13 05:22:49,IT,iOS,Organic
486,2024-10-20 04:00:04,DE,iOS,Social
487,2024-06-09 15:14:50,DE,Android,Paid Search
488,2024-07-29 18:16:14,ES,Android,Organic
489,2024-12-27 05:01:38,ES,iOS,Influencer
490,2024-06-15 17:25:01,ES,Android,Referral
491,2024-03-29 16:44:09,ES,Android,Influencer
492,2024-06-30 23:25:19,IT,Android,Influencer
493,2024-09-04 07:00:00,DE,Android,Influencer
494,2024-06-01 08:11:13,UK,Android,Paid Search
495,2024-12-19 17:48:14,UK,Android,Referral
496,2024-10-13 09:57:22,UK,iOS,Influencer
497,2024-12-12 19:46:37,FR,Android,Referral
498,2024-03-15 10:34:30,AT,Android,Organic
499,2024-06-26 16:06:23,IT,Android,Social
500,2024-04-19 07:21:25,ES,Android,Influencer
501,2024-12-22 09:53:21,DE,iOS,Influencer
502,2024-10-27 08:42:43,DE,iOS,Influencer
503,2024-04-25 23:13:36,DE,iOS,Organic
504,2024-07-30 12:01:32,IT,Android,Organic
505,2024-12-14 05:00:18,AT,Web,Paid Search
506,2024-07-27 23:46:15,FR,Android,Paid Search
507,2024-05-27 11:41:36,UK,Web,Organic
508,2024-02-15 23:44:58,ES,iOS,Influencer
509,2024-01-20 06:22:26,FR,iOS,Organic
510,2024-07-22 18:02:10,DE,Web,Referral
511,2024-01-20 00:20:14,UK,Web,Influencer
512,2024-02-24 12:11:54,UK,Android,Influencer
513,2024-09-25 17:58:58,DE,Web,Social
514,2024-05-19 07:01:12,AT,Android,Paid Search
515,2024-08-22 23:36:12,UK,Web,Paid Search
516,2024-01-08 12:16:25,UK,Web,Paid Search
517,2024-03-30 22:14:39,IT,Android,Social
518,2024-09-20 11:56:22,AT,Android,Organic
519,2024-04-04 05:07:10,FR,Android,Paid Search
520,2024-01-04 09:29:41,FR,iOS,Social
521,2024-05-16 12:00:04,UK,Web,Influencer
522,2024-01-06 09:31:22,IT,Android,Paid Search
523,2024-02-01 04:18:15,FR,Android,Paid Search
524,2024-07-26 18:17:46,IT,Android,Organic
525,2024-11-23 10:44:31,UK,Web,Paid Search
526,2024-04-22 04:51:47,FR,iOS,Social
527,2024-11-06 13:36:11,FR,Web,Influencer
528,2024-08-29 19:34:13,IT,iOS,Paid Search
529,2024-12-14 21:41:34,AT,Web,Social
530,2024-09-27 13:10:19,AT,Web,Organic
531,2024-02-01 19:56:21,ES,iOS,Influencer
532,2024-10-01 05:27:21,DE,Android,Influencer
533,2024-08-14 04:13:55,IT,iOS,Influencer
534,2024-09-07 03:18:39,ES,Android,Organic
535,2024-08-20 04:48:14,ES,Android,Social
536,2024-10-15 02:06:07,ES,Android,Referral
537,2024-01-12 14:24:57,UK,iOS,Paid Search
538,2024-10-23 02:39:32,AT,Android,Referral
539,2024-12-24 02:19:17,ES,iOS,Organic
540,2024-08-29 01:09:19,UK,Android,Paid Search
541,2024-03-10 23:21:25,IT,Web,Social
542,2024-07-10 13:55:32,FR,Android,Social
543,2024-02-11 19:38:07,DE,Web,Referral
544,2024-03-01 06:29:52,ES,Android,Influencer
545,2024-03-06 08:06:28,AT,iOS,Referral
546,2024-08-25 19:49:21,FR,Web,Social
547,2024-04-27 09:00:41,FR,Android,Paid Search
548,2024-05-21 06:51:44,IT,iOS,Organic
549,2024-12-04 15:15:50,ES,iOS,Paid Search
550,2024-04-15 02:26:59,AT,Web,Organic
551,2024-08-16 21:45:52,IT,Web,Organic
552,2024-05-05 01:36:38,FR,Android,Paid Search
553,2024-10-03 07:54:37,AT,iOS,Influencer
554,2024-05-28 08:31:32,IT,Web,Referral
555,2024-10-22 21:46:10,IT,Android,Paid Search
556,2024-06-03 05:12:57,IT,Web,Paid Search
557,2024-07-30 10:56:27,UK,iOS,Influencer
558,2024-10-29 06:22:35,IT,Web,Social
559,2024-10-11 18:02:42,AT,Android,Social
560,2024-09-25 11:36:17,IT,Android,Social
561,2024-03-17 10:55:06,FR,iOS,Influencer
562,2024-08-30 08:46:24,DE,Android,Paid Search
563,2024-08-25 02:05:52,ES,Android,Social
564,2024-10-12 19:17:47,DE,Android,Paid Search
565,2024-05-10 07:24:11,UK,Web,Organic
566,2024-08-18 13:30:37,AT,Web,Paid Search
567,2024-01-27 09:46:27,FR,Web,Influencer
568,2024-11-04 01:26:23,AT,iOS,Influencer
569,2024-12-09 20:20:49,DE,Android,Paid Search
570,2024-06-19 11:02:19,AT,iOS,Paid Search
571,2024-03-01 17:26:13,DE,Web,Influencer
572,2024-12-26 07:26:45,FR,iOS,Influencer
573,2024-06-13 10:18:21,FR,Android,Influencer
574,2024-11-28 13:04:48,UK,Android,Referral
575,2024-09-19 18:06:19,FR,iOS,Social
576,2024-06-12 07:23:44,UK,Android,Social
577,2024-01-24 20:28:51,DE,Web,Paid Search
578,2024-01-09 09:29:40,ES,Web,Influencer
579,2024-08-01 10:44:51,DE,iOS,Referral
580,2024-04-27 13:49:46,ES,iOS,Social
581,2024-10-08 23:50:00,IT,Android,Referral
582,2024-09-07 23:21:48,IT,Android,Social
583,2024-03-27 12:49:20,DE,iOS,Influencer
584,2024-09-07 06:42:03,ES,Web,Organic
585,2024-09-25 01:13:53,AT,Web,Organic
586,2024-01-04 15:00:53,DE,Web,Paid Search
587,2024-02-04 05:29:55,AT,iOS,Influencer
588,2024-08-21 13:35:16,AT,Web,Influencer
589,2024-09-04 17:45:44,AT,iOS,Influencer
590,2024-10-09 14:58:34,AT,iOS,Influencer
591,2024-05-20 19:30:20,UK,iOS,Influencer
592,2024-12-23 15:40:36,DE,iOS,Organic
593,2024-09-25 05:25:16,DE,iOS,Influencer
594,2024-09-26 09:11:24,UK,Android,Social
595,2024-02-10 13:34:56,FR,Android,Influencer
596,2024-05-04 08:13:23,UK,Web,Organic
597,2024-11-30 23:39:42,AT,iOS,Social
598,2024-07-13 13:43:56,ES,Android,Organic
599,2024-11-22 00:20:38,IT,iOS,Organic
600,2024-09-12 15:47:53,IT,Android,Influencer
601,2024-02-18 19:13:46,AT,iOS,Paid Search
602,2024-12-20 20:38:09,FR,Android,Organic
603,2024-02-08 10:12:29,ES,Web,Organic
604,2024-04-01 11:27:00,AT,iOS,Influencer
605,2024-03-14 14:30:05,AT,Android,Paid Search
606,2024-10-15 08:45:19,ES,Android,Influencer
607,2024-06-18 13:58:31,IT,iOS,Organic
608,2024-09-13 12:35:32,AT,iOS,Social
609,2024-04-28 02:46:03,UK,Web,Influencer
610,2024-10-31 14:26:36,UK,iOS,Referral
611,2024-08-18 17:51:44,DE,Android,Influencer
612,2024-07-11 15:43:23,DE,Web,Influencer
613,2024-12-04 13:50:16,AT,Web,Referral
614,2024-05-06 02:40:34,AT,Android,Paid Search
615,2024-07-13 23:04:46,DE,Web,Social
616,2024-06-11 13:07:57,AT,iOS,Organic
617,2024-06-06 16:11:32,UK,Android,Organic
618,2024-03-08 03:10:42,DE,Android,Social
619,2024-10-12 20:11:50,ES,Android,Organic
620,2024-01-14 03:15:46,UK,Web,Organic
621,2024-11-01 21:46:26,UK,Android,Organic
622,2024-05-29 15:03:58,FR,iOS,Influencer
623,2024-05-04 20:49:27,ES,iOS,Social
624,2024-03-27 05:03:18,UK,Android,Referral
625,2024-09-09 05:18:47,AT,iOS,Social
626,2024-05-21 15:19:54,UK,Android,Organic
627,2024-07-03 09:09:50,DE,Web,Social
628,2024-10-31 22:27:08,DE,Android,Organic
629,2024-03-10 11:05:32,AT,Android,Referral
630,2024-11-13 13:49:52,UK,Android,Referral
631,2024-08-08 23:42:12,ES,iOS,Referral
632,2024-06-13 21:57:44,IT,iOS,Social
633,2024-06-09 06:28:03,FR,Android,Referral
634,2024-12-21 23:02:35,FR,Web,Paid Search
635,2024-06-15 13:41:30,UK,Android,Referral
636,2024-02-28 20:31:45,DE,Web,Influencer
637,2024-04-02 20:01:42,AT,Web,Social
638,2024-12-28 07:37:59,FR,Android,Organic
639,2024-07-28 18:10:44,DE,Web,Referral
640,2024-05-03 09:11:59,IT,iOS,Social
641,2024-07-12 02:41:34,FR,Web,Social
642,2024-10-25 14:35:34,ES,Web,Social
643,2024-10-05 01:20:18,UK,Web,Influencer
644,2024-10-31 23:14:07,AT,iOS,Paid Search
645,2024-12-02 12:55:31,DE,Web,Influencer
646,2024-01-23 20:30:22,IT,Web,Social
647,2024-06-18 15:40:20,AT,iOS,Organic
648,2024-05-12 08:04:58,ES,Web,Influencer
649,2024-10-12 21:08:09,IT,Web,Paid Search
650,2024-08-16 13:37:16,FR,Android,Influencer
651,2024-12-19 18:13:17,DE,Android,Organic
652,2024-09-04 03:48:23,UK,Android,Organic
653,2024-02-29 05:09:29,UK,Android,Referral
654,2024-08-21 07:31:54,ES,Android,Referral
655,2024-08-31 03:33:15,FR,Web,Social
656,2024-06-12 02:26:44,UK,iOS,Organic
657,2024-01-12 12:29:27,IT,iOS,Paid Search
658,2024-05-04 18:47:12,DE,Web,Paid Search
659,2024-06-18 20:23:00,FR,Android,Paid Search
660,2024-07-26 22:55:43,DE,iOS,Social
661,2024-07-21 01:03:46,IT,Web,Paid Search
662,2024-08-18 21:33:41,FR,Android,Organic
663,2024-12-26 07:49:13,DE,Android,Organic
664,2024-10-22 03:42:16,ES,iOS,Referral
665,2024-06-15 07:10:30,FR,iOS,Referral
666,2024-12-09 17:49:17,ES,Web,Referral
667,2024-11-01 14:08:59,ES,Android,Influencer
668,2024-02-28 12:40:03,UK,Android,Influencer
669,2024-03-29 10:49:46,ES,Web,Organic
670,2024-12-10 04:52:36,UK,iOS,Paid Search
671,2024-06-05 04:15:28,DE,Android,Paid Search
672,2024-09-18 14:08:36,FR,Web,Paid Search
673,2024-10-21 13:58:13,FR,iOS,Social
674,2024-11-21 19:33:55,IT,Web,Paid Search
675,2024-10-11 06:04:31,FR,Android,Paid Search
676,2024-04-05 11:27:12,FR,Web,Organic
677,2024-07-02 00:20:56,FR,iOS,Paid Search
678,2024-07-15 20:26:47,ES,Web,Social
679,2024-07-28 17:54:11,FR,Web,Social
680,2024-09-07 06:05:22,AT,Web,Organic
681,2024-04-22 10:38:04,AT,Android,Paid Search
682,2024-10-02 10:30:36,DE,Android,Influencer
683,2024-09-10 20:00:53,ES,iOS,Influencer
684,2024-02-28 09:45:12,ES,Android,Influencer
685,2024-01-22 16:04:10,ES,iOS,Social
686,2024-02-22 23:47:58,DE,Android,Organic
687,2024-08-18 09:34:07,UK,iOS,Social
688,2024-03-01 08:37:36,DE,Web,Influencer
689,2024-12-18 12:45:57,IT,Web,Social
690,2024-03-25 22:26:00,DE,iOS,Paid Search
691,2024-01-31 20:45:20,UK,Web,Referral
692,2024-11-01 19:36:57,DE,Android,Referral
693,2024-05-28 20:51:09,UK,Web,Organic
694,2024-03-10 14:59:08,AT,Android,Paid Search
695,2024-12-25 04:49:52,DE,iOS,Referral
696,2024-05-06 14:17:52,FR,iOS,Influencer
697,2024-11-19 09:47:01,IT,Android,Social
698,2024-08-19 02:44:58,IT,iOS,Social
699,2024-09-20 10:07:47,IT,Android,Social
700,2024-09-06 11:54:58,ES,iOS,Organic
701,2024-08-22 23:06:49,IT,Web,Referral
702,2024-02-02 19:27:28,FR,iOS,Social
703,2024-04-18 18:00:43,UK,Android,Referral
704,2024-06-21 19:55:37,ES,iOS,Influencer
705,2024-09-05 12:30:54,IT,iOS,Organic
706,2024-02-20 22:47:54,FR,iOS,Organic
707,2024-03-21 16:04:00,FR,iOS,Social
708,2024-04-13 04:48:10,IT,Android,Paid Search
709,2024-05-20 03:23:54,IT,Android,Referral
710,2024-02-12 13:32:18,IT,Web,Paid Search
711,2024-01-27 14:25:49,IT,Android,Paid Search
712,2024-08-07 23:51:55,AT,Web,Organic
713,2024-01-01 07:46:13,FR,iOS,Paid Search
714,2024-10-30 08:14:07,ES,Web,Social
715,2024-01-05 00:17:36,IT,Android,Organic
716,2024-08-04 04:48:44,FR,iOS,Paid Search
717,2024-07-15 03:15:08,IT,iOS,Organic
718,2024-06-09 13:22:57,UK,iOS,Social
719,2024-03-09 23:21:32,IT,iOS,Organic
720,2024-09-28 20:30:31,AT,Web,Paid Search
721,2024-08-13 12:47:10,IT,iOS,Paid Search
722,2024-07-29 22:25:50,IT,Android,Paid Search
723,2024-02-14 03:39:28,DE,iOS,Influencer
724,2024-07-15 12:47:56,FR,Android,Paid Search
725,2024-05-06 10:05:02,IT,iOS,Paid Search
726,2024-10-10 21:52:54,ES,Web,Influencer
727,2024-05-25 00:58:35,IT,Android,Paid Search
728,2024-09-22 22:05:51,ES,iOS,Social
729,2024-05-31 23:31:34,AT,iOS,Social
730,2024-07-16 04:06:17,DE,Android,Influencer
731,2024-02-06 19:14:03,AT,Android,Referral
732,2024-03-08 14:05:03,ES,Android,Referral
733,2024-10-06 06:17:25,FR,iOS,Organic
734,2024-10-27 02:27:31,AT,Android,Paid Search
735,2024-01-21 02:12:05,FR,Web,Referral
736,2024-11-17 18:14:33,FR,Android,Social
737,2024-02-12 23:19:16,ES,Web,Influencer
738,2024-03-19 10:06:08,AT,Android,Organic
739,2024-09-18 07:23:53,DE,Web,Referral
740,2024-07-19 21:21:05,IT,Web,Organic
741,2024-06-07 15:55:42,IT,iOS,Organic
742,2024-05-05 03:08:20,FR,iOS,Social
743,2024-11-09 22:10:00,AT,Android,Paid Search
744,2024-03-02 00:27:40,IT,iOS,Organic
745,2024-03-24 18:04:25,UK,Web,Influencer
746,2024-05-12 06:04:44,UK,iOS,Referral
747,2024-03-01 01:04:07,UK,Android,Referral
748,2024-09-25 02:19:31,UK,Web,Influencer
749,2024-11-17 02:48:21,FR,Android,Influencer
750,2024-07-03 02:01:06,FR,Web,Paid Search
751,2024-07-07 05:43:38,UK,iOS,Influencer
752,2024-12-11 04:11:57,DE,Web,Influencer
753,2024-01-02 01:36:12,AT,iOS,Organic
754,2024-08-29 13:15:07,FR,iOS,Paid Search
755,2024-01-19 20:07:45,IT,Web,Social
756,2024-04-24 11:42:59,DE,Android,Referral
757,2024-05-18 02:50:08,ES,Android,Organic
758,2024-09-14 01:55:03,DE,iOS,Influencer
759,2024-01-24 14:35:50,AT,Android,Referral
760,2024-06-08 11:54:59,AT,Web,Social
761,2024-01-05 13:25:54,DE,Android,Influencer
762,2024-06-04 22:40:20,DE,Android,Referral
763,2024-10-29 17:57:45,DE,Web,Influencer
764,2024-05-05 05:28:55,AT,Android,Organic
765,2024-04-29 19:43:01,UK,Web,Organic
766,2024-06-20 00:03:11,IT,Android,Referral
767,2024-02-23 07:28:15,ES,iOS,Social
768,2024-09-08 02:10:50,DE,Web,Referral
769,2024-02-17 01:35:54,DE,Web,Social
770,2024-12-24 13:33:43,FR,Web,Organic
771,2024-10-24 03:28:47,ES,iOS,Social
772,2024-02-08 21:33:00,ES,iOS,Social
773,2024-12-05 04:45:32,DE,Android,Referral
774,2024-06-10 14:18:25,IT,Web,Referral
775,2024-06-11 16:29:03,UK,iOS,Organic
776,2024-04-13 04:57:20,ES,iOS,Paid Search
777,2024-02-24 05:59:04,FR,Android,Referral
778,2024-07-27 04:23:45,ES,Android,Paid Search
779,2024-08-19 11:13:30,FR,Android,Organic
780,2024-02-16 05:44:18,IT,Android,Influencer
781,2024-01-21 07:49:43,UK,iOS,Organic
782,2024-12-30 09:02:14,UK,Android,Influencer
783,2024-01-26 10:52:49,UK,iOS,Organic
784,2024-07-26 16:27:50,ES,Web,Influencer
785,2024-05-07 03:26:55,FR,iOS,Paid Search
786,2024-03-03 00:26:07,AT,iOS,Paid Search
787,2024-04-11 14:35:05,UK,Web,Organic
788,2024-10-25 21:20:23,UK,iOS,Organic
789,2024-02-03 07:11:59,IT,Android,Paid Search
790,2024-02-17 12:04:16,AT,iOS,Social
791,2024-01-26 06:06:58,ES,Android,Social
792,2024-09-11 01:04:24,FR,Web,Social
793,2024-03-29 12:53:12,DE,iOS,Referral
794,2024-05-23 16:14:19,DE,iOS,Influencer
795,2024-11-13 22:27:48,DE,Web,Referral
796,2024-09-12 15:00:00,ES,Android,Organic
797,2024-02-14 10:11:10,FR,iOS,Social
798,2024-04-12 23:23:53,ES,iOS,Influencer
799,2024-01-10 13:55:34,IT,Android,Social
800,2024-10-05 17:38:47,UK,Web,Influencer
801,2024-06-13 14:08:25,UK,iOS,Organic
802,2024-06-12 21:44:25,DE,iOS,Referral
803,2024-01-30 17:10:24,ES,Android,Influencer
804,2024-04-29 05:48:42,AT,iOS,Paid Search
805,2024-05-16 19:25:51,IT,iOS,Paid Search
806,2024-10-21 14:08:31,UK,iOS,Paid Search
807,2024-05-01 21:34:22,UK,Web,Referral
808,2024-10-29 01:01:37,IT,Web,Referral
809,2024-10-17 20:31:13,DE,Web,Paid Search
810,2024-09-09 19:44:17,UK,iOS,Social
811,2024-01-20 03:17:10,AT,iOS,Influencer
812,2024-04-22 00:43:32,ES,Android,Organic
813,2024-06-18 22:21:35,DE,iOS,Referral
814,2024-03-31 11:46:53,AT,iOS,Paid Search
815,2024-10-27 05:09:26,AT,Web,Referral
816,2024-02-07 13:36:07,IT,Web,Social
817,2024-10-27 03:40:42,UK,Android,Referral
818,2024-03-10 05:44:04,IT,Android,Social
819,2024-11-28 11:33:06,DE,Web,Influencer
820,2024-12-21 22:20:40,UK,iOS,Influencer
821,2024-03-30 13:46:35,UK,Web,Referral
822,2024-03-06 06:28:12,IT,iOS,Influencer
823,2024-07-19 20:39:41,AT,iOS,Influencer
824,2024-06-11 22:15:34,DE,Web,Influencer
825,2024-02-23 18:03:55,DE,Android,Organic
826,2024-05-01 12:37:37,UK,iOS,Organic
827,2024-12-28 23:16:08,IT,Android,Social
828,2024-01-06 09:39:21,DE,iOS,Organic
829,2024-06-28 09:20:40,AT,Web,Organic
830,2024-01-25 14:03:05,FR,Web,Social
831,2024-03-26 15:04:26,FR,Android,Referral
832,2024-10-06 13:39:57,AT,Android,Influencer
833,2024-11-29 08:12:47,DE,Android,Organic
834,2024-01-18 10:44:14,AT,Android,Referral
835,2024-02-23 02:42:05,UK,iOS,Social
836,2024-03-23 02:43:50,ES,iOS,Referral
837,2024-10-31 22:20:31,FR,Web,Organic
838,2024-08-08 23:47:53,DE,Web,Social
839,2024-03-21 01:56:59,AT,Android,Paid Search
840,2024-04-07 14:54:05,IT,Web,Influencer
841,2024-05-15 10:14:59,UK,iOS,Organic
842,2024-01-26 14:18:18,ES,Web,Social
843,2024-03-19 01:59:04,UK,iOS,Social
844,2024-02-14 10:43:27,IT,Web,Influencer
845,2024-09-02 07:16:11,AT,iOS,Paid Search
846,2024-03-28 23:14:08,UK,iOS,Social
847,2024-02-29 11:13:36,FR,Android,Social
848,2024-12-04 09:38:54,AT,Web,Influencer
849,2024-07-17 06:43:52,UK,Android,Referral
850,2024-04-05 16:13:48,AT,Android,Social
851,2024-08-26 09:35:24,DE,Android,Influencer
852,2024-02-01 05:30:08,IT,Web,Organic
853,2024-02-13 12:31:01,ES,Android,Influencer
854,2024-04-26 20:09:21,AT,Android,Influencer
855,2024-08-02 19:29:50,IT,Android,Influencer
856,2024-04-30 17:20:24,UK,iOS,Social
857,2024-12-31 01:15:51,ES,Web,Influencer
858,2024-10-19 22:35:00,DE,iOS,Social
859,2024-03-29 06:05:10,DE,iOS,Paid Search
860,2024-01-22 15:24:52,AT,Web,Social
861,2024-04-13 22:50:11,DE,Web,Referral
862,2024-06-12 02:26:23,AT,Android,Influencer
863,2024-07-22 20:05:58,UK,Android,Influencer
864,2024-08-22 00:27:00,IT,Web,Influencer
865,2024-09-24 15:16:37,AT,Android,Paid Search
866,2024-03-16 20:37:44,ES,Web,Organic
867,2024-02-24 20:29:12,AT,Android,Influencer
868,2024-06-25 14:57:36,UK,Android,Social
869,2024-10-19 22:10:17,FR,iOS,Paid Search
870,2024-05-21 14:40:18,DE,Web,Influencer
871,2024-12-14 14:37:34,AT,Android,Referral
872,2024-12-19 08:38:59,AT,Web,Social
873,2024-05-17 13:33:36,AT,Android,Referral
874,2024-06-08 10:12:25,FR,Web,Organic
875,2024-04-26 04:53:34,UK,Web,Social
876,2024-06-13 09:48:33,IT,Android,Influencer
877,2024-11-26 03:15:03,DE,Android,Paid Search
878,2024-07-27 17:38:19,ES,Android,Organic
879,2024-09-20 05:47:16,AT,Android,Influencer
880,2024-07-25 04:56:19,ES,Web,Organic
881,2024-03-29 07:01:05,DE,iOS,Paid Search
882,2024-01-17 16:37:07,AT,Android,Paid Search
883,2024-05-20 13:24:40,FR,Web,Social
884,2024-11-21 04:30:36,IT,iOS,Paid Search
885,2024-07-09 17:47:46,ES,Android,Paid Search
886,2024-08-30 21:22:03,ES,Android,Referral
887,2024-03-24 09:25:03,IT,Web,Organic
888,2024-05-25 00:59:57,FR,iOS,Paid Search
889,2024-10-19 07:48:11,DE,Web,Paid Search
890,2024-12-12 07:31:36,UK,Web,Social
891,2024-09-19 00:43:48,IT,iOS,Social
892,2024-03-08 23:34:12,DE,Web,Organic
893,2024-04-24 09:11:21,ES,Android,Referral
894,2024-08-04 13:42:25,UK,Android,Referral
895,2024-04-21 16:59:31,UK,Web,Influencer
896,2024-11-15 14:27:35,ES,iOS,Organic
897,2024-09-18 13:37:31,ES,Web,Influencer
898,2024-11-07 10:17:31,UK,Web,Organic
899,2024-09-03 02:19:27,UK,Android,Referral
900,2024-05-21 09:30:29,IT,Web,Referral
901,2024-04-06 05:27:31,ES,iOS,Organic
902,2024-11-03 14:42:45,IT,Android,Paid Search
903,2024-01-14 23:51:44,FR,Android,Referral
904,2024-08-02 14:43:51,FR,Web,Organic
905,2024-10-25 20:49:38,DE,Android,Paid Search
906,2024-12-17 19:27:55,IT,Android,Referral
907,2024-09-16 10:55:47,DE,Web,Influencer
908,2024-04-02 10:41:46,AT,Android,Paid Search
909,2024-05-12 20:21:13,DE,Web,Referral
910,2024-12-01 03:15:04,DE,Android,Paid Search
911,2024-06-06 15:18:32,UK,Android,Referral
912,2024-10-26 10:42:21,FR,iOS,Social
913,2024-01-28 23:05:51,ES,Web,Influencer
914,2024-02-06 17:11:34,DE,Web,Organic
915,2024-12-14 13:53:46,ES,Android,Social
916,2024-01-28 05:29:22,DE,iOS,Referral
917,2024-07-28 20:43:52,FR,iOS,Referral
918,2024-04-02 02:56:32,FR,Android,Paid Search
919,2024-06-09 23:06:05,AT,iOS,Social
920,2024-05-20 07:37:24,DE,Web,Paid Search
921,2024-09-07 03:12:19,DE,Web,Social
922,2024-11-20 15:38:03,FR,Android,Social
923,2024-07-15 00:10:11,AT,Web,Paid Search
924,2024-07-10 00:30:45,UK,Web,Paid Search
925,2024-01-10 00:09:00,IT,Web,Paid Search
926,2024-04-25 12:32:14,UK,iOS,Organic
927,2024-07-15 18:19:33,ES,Android,Paid Search
928,2024-02-03 01:39:52,UK,Android,Social
929,2024-09-23 21:42:47,ES,Android,Social
930,2024-12-17 04:52:16,UK,Android,Referral
931,2024-04-06 06:00:11,FR,iOS,Paid Search
932,2024-04-24 04:46:37,DE,Web,Organic
933,2024-10-28 18:22:23,DE,iOS,Referral
934,2024-12-30 23:41:07,AT,Android,Referral
935,2024-09-30 22:41:15,AT,Web,Organic
936,2024-12-04 03:56:10,IT,iOS,Organic
937,2024-12-19 04:12:56,FR,Android,Social
938,2024-03-04 19:55:33,UK,Android,Paid Search
939,2024-04-15 22:56:56,AT,Android,Social
940,2024-12-04 03:40:35,IT,Web,Referral
941,2024-11-14 22:03:01,IT,iOS,Social
942,2024-02-23 18:37:34,IT,Web,Organic
943,2024-05-24 04:09:03,AT,Android,Paid Search
944,2024-11-07 07:16:21,UK,Web,Paid Search
945,2024-07-02 14:55:07,UK,iOS,Organic
946,2024-10-07 18:04:18,DE,Web,Social
947,2024-06-18 08:32:17,AT,iOS,Organic
948,2024-02-26 20:54:15,IT,Android,Paid Search
949,2024-02-16 18:37:50,AT,Web,Organic
950,2024-05-11 23:27:34,DE,Android,Referral
951,2024-05-15 16:54:13,AT,iOS,Paid Search
952,2024-01-21 10:34:45,UK,Web,Referral
953,2024-08-06 04:13:11,AT,iOS,Organic
954,2024-03-11 23:33:49,DE,Android,Referral
955,2024-08-12 22:38:21,UK,Web,Organic
956,2024-07-09 12:28:41,DE,iOS,Social
957,2024-07-23 16:37:19,UK,Android,Social
958,2024-08-03 23:37:25,DE,iOS,Paid Search
959,2024-12-22 02:08:06,DE,iOS,Social
960,2024-10-29 17:34:25,ES,Web,Social
961,2024-04-02 22:15:27,FR,Android,Influencer
962,2024-01-15 04:45:25,FR,Android,Organic
963,2024-07-29 16:02:41,AT,iOS,Referral
964,2024-12-01 11:26:27,AT,Web,Influencer
965,2024-10-22 20:34:17,DE,Web,Referral
966,2024-09-22 19:02:44,IT,Web,Influencer
967,2024-02-18 15:45:34,IT,Web,Paid Search
968,2024-09-03 12:35:18,IT,Web,Social
969,2024-03-17 20:19:43,ES,iOS,Organic
970,2024-11-25 05:42:48,ES,Android,Social
971,2024-03-25 02:43:32,FR,Android,Paid Search
972,2024-06-18 10:07:38,AT,Web,Paid Search
973,2024-10-08 23:25:20,FR,Android,Paid Search
974,2024-02-10 16:42:54,FR,Web,Social
975,2024-02-15 18:08:53,FR,Android,Organic
976,2024-09-11 23:47:18,AT,iOS,Social
977,2024-07-30 01:18:16,ES,Web,Organic
978,2024-02-16 21:59:54,ES,Web,Referral
979,2024-09-17 20:28:26,DE,Web,Social
980,2024-06-23 13:13:44,AT,iOS,Social
981,2024-06-18 20:23:40,ES,Web,Social
982,2024-12-02 13:13:37,IT,Android,Organic
983,2024-02-19 23:59:24,DE,iOS,Referral
984,2024-06-30 23:04:15,UK,Web,Influencer
985,2024-07-10 03:52:15,AT,iOS,Social
986,2024-03-12 14:53:56,AT,Android,Influencer
987,2024-04-10 06:49:41,AT,Android,Paid Search
988,2024-08-22 06:56:19,IT,Android,Organic
989,2024-07-31 01:41:34,IT,Web,Influencer
990,2024-03-04 16:24:08,FR,Web,Influencer
991,2024-09-15 04:54:07,FR,iOS,Influencer
992,2024-01-25 20:08:32,FR,Web,Social
993,2024-09-17 06:27:06,IT,Web,Paid Search
994,2024-03-06 03:46:13,FR,Web,Influencer
995,2024-11-06 11:43:04,ES,Android,Social
996,2024-11-07 09:02:17,UK,Android,Referral
997,2024-05-30 16:29:15,DE,iOS,Social
998,2024-11-04 18:39:07,UK,Web,Influencer
999,2024-06-09 20:09:19,IT,iOS,Paid Search
1000,2024-04-17 22:43:30,IT,Android,Referral
1001,2024-12-10 04:49:49,IT,Web,Paid Search
1002,2024-09-14 19:45:05,IT,Web,Referral
1003,2024-12-29 04:12:06,UK,Web,Social
1004,2024-10-25 20:46:34,IT,Web,Social
1005,2024-12-11 19:26:19,UK,Android,Organic
1006,2024-09-24 03:52:35,AT,Android,Paid Search
1007,2024-01-28 02:03:39,DE,Android,Paid Search
1008,2024-05-26 09:07:21,DE,iOS,Referral
1009,2024-04-14 19:42:12,AT,Android,Social
1010,2024-02-22 22:25:54,IT,Web,Influencer
1011,2024-04-24 23:33:39,ES,Android,Paid Search
1012,2024-09-18 10:28:21,IT,Web,Organic
1013,2024-07-14 14:06:37,FR,Web,Referral
1014,2024-10-09 01:57:31,AT,Web,Referral
1015,2024-04-13 22:35:38,FR,iOS,Referral
1016,2024-10-28 19:54:05,IT,Web,Paid Search
1017,2024-04-09 10:42:38,FR,iOS,Organic
1018,2024-04-05 06:19:39,IT,Web,Organic
1019,2024-07-12 01:28:46,FR,Android,Influencer
1020,2024-05-15 04:44:08,DE,Web,Referral
1021,2024-01-03 12:02:07,FR,Web,Paid Search
1022,2024-01-21 05:35:46,UK,Web,Organic
1023,2024-11-16 22:24:49,IT,Android,Social
1024,2024-10-20 20:01:50,UK,iOS,Referral
1025,2024-09-26 08:00:30,DE,Web,Organic
1026,2024-09-15 05:48:09,FR,Web,Influencer
1027,2024-07-25 03:20:51,UK,iOS,Paid Search
1028,2024-12-05 12:05:00,UK,Android,Referral
1029,2024-04-21 22:30:39,ES,Android,Influencer
1030,2024-11-28 00:19:13,AT,Web,Referral
1031,2024-08-16 08:45:02,IT,Web,Influencer
1032,2024-05-04 01:27:06,IT,Android,Social
1033,2024-02-28 14:02:57,UK,Web,Referral
1034,2024-01-13 18:49:06,UK,Web,Influencer
1035,2024-08-16 17:43:26,AT,Android,Paid Search
1036,2024-06-13 18:42:37,AT,iOS,Paid Search
1037,2024-10-02 19:24:48,AT,Web,Organic
1038,2024-04-17 22:55:11,DE,Web,Social
1039,2024-02-23 07:29:05,ES,Web,Social
1040,2024-11-27 02:37:32,IT,Web,Paid Search
1041,2024-01-13 16:43:11,IT,Android,Organic
1042,2024-02-14 02:40:00,AT,iOS,Referral
1043,2024-10-12 02:33:52,ES,iOS,Referral
1044,2024-07-27 14:07:40,FR,Web,Social
1045,2024-08-09 11:31:11,AT,Android,Organic
1046,2024-09-30 00:12:53,IT,Web,Influencer
1047,2024-02-02 21:19:16,AT,Web,Organic
1048,2024-07-02 18:18:27,AT,Android,Referral
1049,2024-11-06 03:08:58,UK,Android,Social
1050,2024-07-21 01:07:19,FR,iOS,Influencer
1051,2024-04-22 04:57:55,IT,Android,Influencer
1052,2024-05-31 23:05:05,DE,Android,Referral
1053,2024-01-06 20:09:11,ES,iOS,Organic
1054,2024-01-22 00:10:59,ES,Web,Social
1055,2024-10-02 19:56:05,AT,Android,Paid Search
1056,2024-06-25 07:42:32,FR,Web,Influencer
1057,2024-03-13 05:51:36,DE,iOS,Influencer
1058,2024-05-09 07:04:30,AT,iOS,Influencer
1059,2024-01-28 19:58:59,FR,Web,Influencer
1060,2024-02-07 10:34:56,IT,iOS,Referral
1061,2024-02-20 07:11:15,IT,Web,Social
1062,2024-06-18 13:00:10,DE,Web,Paid Search
1063,2024-02-21 10:22:53,ES,iOS,Paid Search
1064,2024-06-11 17:41:22,FR,Android,Influencer
1065,2024-12-03 11:07:45,IT,Web,Paid Search
1066,2024-10-16 20:38:19,UK,Android,Social
1067,2024-03-27 00:10:33,UK,iOS,Paid Search
1068,2024-12-30 23:19:55,FR,Android,Referral
1069,2024-03-09 12:04:18,FR,Android,Social
1070,2024-07-02 11:07:18,FR,Web,Organic
1071,2024-03-30 23:30:13,ES,iOS,Referral
1072,2024-03-12 19:36:37,DE,Android,Organic
1073,2024-02-08 00:40:41,ES,Web,Organic
1074,2024-10-24 21:04:37,FR,Web,Paid Search
1075,2024-01-19 20:04:58,UK,Web,Influencer
1076,2024-08-29 23:48:29,DE,Android,Social
1077,2024-04-24 21:28:00,IT,Android,Paid Search
1078,2024-08-25 18:14:43,ES,iOS,Social
1079,2024-07-05 18:17:00,AT,Web,Paid Search
1080,2024-11-10 06:02:17,ES,iOS,Social
1081,2024-03-22 06:31:20,ES,Web,Paid Search
1082,2024-09-04 13:03:48,AT,iOS,Social
1083,2024-04-28 02:17:19,UK,Android,Paid Search
1084,2024-01-22 07:31:42,ES,Android,Social
1085,2024-08-28 16:33:11,AT,iOS,Referral
1086,2024-02-22 18:58:57,IT,Android,Referral
1087,2024-10-23 19:49:09,ES,iOS,Social
1088,2024-11-30 13:46:53,UK,Web,Organic
1089,2024-09-21 09:09:35,FR,iOS,Influencer
1090,2024-07-26 12:50:55,UK,Android,Social
1091,2024-11-05 00:14:24,ES,iOS,Social
1092,2024-03-25 08:22:25,AT,Web,Referral
1093,2024-04-18 05:28:12,DE,iOS,Referral
1094,2024-11-04 04:18:29,IT,iOS,Social
1095,2024-06-18 04:07:35,FR,Web,Social
1096,2024-09-02 07:40:17,ES,iOS,Social
1097,2024-01-12 08:52:18,AT,iOS,Influencer
1098,2024-10-30 05:51:59,DE,Web,Influencer
1099,2024-01-21 20:50:08,DE,iOS,Paid Search
1100,2024-05-12 06:33:17,ES,Android,Influencer
1101,2024-10-15 23:12:54,AT,Web,Referral
1102,2024-02-13 07:53:09,FR,Web,Social
1103,2024-09-03 06:12:36,DE,Android,Influencer
1104,2024-03-14 21:12:48,DE,Web,Influencer
1105,2024-05-15 06:06:23,IT,Web,Referral
1106,2024-08-20 21:43:08,ES,iOS,Paid Search
1107,2024-07-12 14:02:03,DE,iOS,Organic
1108,2024-04-13 19:01:52,ES,Web,Social
1109,2024-03-17 22:02:45,AT,iOS,Social
1110,2024-11-10 21:50:18,AT,Web,Influencer
1111,2024-03-01 03:23:34,FR,Web,Paid Search
1112,2024-11-04 19:38:05,AT,Web,Social
1113,2024-09-24 15:18:59,UK,iOS,Influencer
1114,2024-08-07 08:21:19,FR,Android,Referral
1115,2024-10-28 20:58:33,AT,Android,Paid Search
1116,2024-05-10 17:22:19,DE,iOS,Referral
1117,2024-11-02 19:47:47,FR,Android,Paid Search
1118,2024-01-03 00:15:32,ES,Web,Organic
1119,2024-09-23 00:15:42,FR,Web,Paid Search
1120,2024-12-18 11:30:05,FR,Android,Organic
1121,2024-03-20 15:30:46,IT,Web,Referral
1122,2024-05-13 19:31:08,FR,Web,Referral
1123,2024-11-09 10:01:58,IT,Android,Paid Search
1124,2024-07-30 20:06:05,ES,Android,Paid Search
1125,2024-07-08 20:21:21,ES,Android,Referral
1126,2024-06-06 21:01:53,UK,Web,Social
1127,2024-03-11 04:20:08,IT,iOS,Social
1128,2024-12-24 05:53:26,AT,iOS,Influencer
1129,2024-07-24 12:19:19,ES,Web,Organic
1130,2024-03-23 14:10:00,IT,iOS,Organic
1131,2024-03-15 17:10:22,ES,Android,Organic
1132,2024-02-02 09:34:43,DE,Android,Organic
1133,2024-11-07 01:22:28,IT,Android,Social
1134,2024-11-10 23:53:26,ES,Android,Influencer
1135,2024-01-30 06:22:53,IT,Android,Social
1136,2024-01-06 07:20:38,IT,Web,Referral
1137,2024-04-09 01:13:25,ES,Web,Influencer
1138,2024-12-23 08:26:05,ES,iOS,Organic
1139,2024-07-03 08:42:39,IT,iOS,Paid Search
1140,2024-02-14 10:02:47,FR,Android,Social
1141,2024-07-26 21:20:18,DE,Web,Organic
1142,2024-12-26 02:29:53,AT,Web,Referral
1143,2024-10-13 21:13:26,UK,Android,Referral
1144,2024-04-25 22:04:37,DE,Android,Social
1145,2024-10-21 00:10:09,UK,iOS,Social
1146,2024-09-16 03:52:34,ES,iOS,Influencer
1147,2024-05-30 12:22:40,AT,Web,Referral
1148,2024-10-02 20:55:52,UK,Web,Social
1149,2024-07-12 20:30:15,FR,iOS,Referral
1150,2024-08-22 16:46:27,ES,iOS,Social
1151,2024-02-29 09:23:12,AT,Android,Paid Search
1152,2024-12-12 08:22:17,UK,Android,Referral
1153,2024-09-21 19:30:08,AT,Web,Referral
1154,2024-05-07 10:27:35,AT,Android,Referral
1155,2024-02-08 20:11:26,DE,Android,Referral
1156,2024-06-30 07:57:27,ES,Android,Paid Search
1157,2024-12-15 06:55:25,FR,Web,Paid Search
1158,2024-04-30 08:48:46,UK,iOS,Paid Search
1159,2024-04-13 09:05:28,ES,Android,Paid Search
1160,2024-02-24 04:21:52,AT,Web,Social
1161,2024-11-10 00:14:28,ES,iOS,Social
1162,2024-07-09 22:35:52,UK,Android,Influencer
1163,2024-05-20 17:52:10,DE,Web,Referral
1164,2024-07-22 08:05:10,ES,iOS,Organic
1165,2024-09-26 15:24:26,FR,Web,Organic
1166,2024-09-14 12:38:39,FR,Web,Paid Search
1167,2024-08-22 04:22:56,IT,Web,Social
1168,2024-06-10 00:18:23,AT,Web,Paid Search
1169,2024-07-13 21:09:13,AT,Android,Referral
1170,2024-11-09 09:27:19,DE,Web,Referral
1171,2024-05-01 09:48:31,FR,Web,Referral
1172,2024-07-06 06:41:45,FR,Android,Paid Search
1173,2024-08-02 13:33:19,UK,Android,Referral
1174,2024-08-18 06:32:58,ES,iOS,Influencer
1175,2024-12-17 08:19:18,AT,Web,Referral
1176,2024-04-30 20:13:09,FR,Android,Paid Search
1177,2024-03-15 05:26:41,FR,iOS,Paid Search
1178,2024-08-03 18:11:23,DE,Web,Influencer
1179,2024-09-30 11:29:43,FR,Android,Referral
1180,2024-10-14 20:40:27,AT,Android,Organic
1181,2024-12-19 05:56:49,AT,iOS,Referral
1182,2024-08-31 22:55:57,AT,Android,Referral
1183,2024-05-13 13:08:32,UK,Web,Influencer
1184,2024-05-11 12:31:47,AT,Android,Organic
1185,2024-06-28 22:02:54,DE,Web,Influencer
1186,2024-11-28 23:38:02,ES,iOS,Referral
1187,2024-06-30 11:50:10,IT,Web,Social
1188,2024-08-16 02:51:17,FR,Web,Referral
1189,2024-08-25 22:59:59,DE,iOS,Referral
1190,2024-08-03 22:59:02,ES,Web,Social
1191,2024-02-06 02:52:49,DE,Android,Paid Search
1192,2024-06-09 11:32:13,IT,Android,Referral
1193,2024-11-05 23:28:14,FR,Android,Social
1194,2024-07-04 21:22:08,ES,Android,Social
1195,2024-03-26 06:41:42,AT,iOS,Paid Search
1196,2024-12-04 09:09:43,IT,Web,Organic
1197,2024-04-17 06:04:37,FR,iOS,Organic
1198,2024-02-02 17:13:41,ES,iOS,Organic
1199,2024-07-22 19:04:39,AT,iOS,Referral
1200,2024-11-12 05:39:12,AT,Web,Social
1201,2024-06-07 08:21:02,DE,Web,Referral
1202,2024-08-14 22:48:34,DE,iOS,Influencer
1203,2024-03-28 01:02:24,AT,Web,Referral
1204,2024-06-15 17:20:10,FR,Web,Referral
1205,2024-10-07 16:11:46,DE,Web,Influencer
1206,2024-03-31 21:30:41,ES,Android,Influencer
1207,2024-08-10 19:03:30,IT,Web,Influencer
1208,2024-06-07 12:38:24,FR,Web,Paid Search
1209,2024-02-15 16:05:15,UK,Android,Social
1210,2024-05-13 05:40:10,UK,iOS,Organic
1211,2024-09-24 04:57:45,UK,Android,Social
1212,2024-09-30 00:18:10,IT,Android,Social
1213,2024-06-02 00:19:57,FR,Android,Influencer
1214,2024-04-28 00:15:46,ES,Android,Paid Search
1215,2024-07-29 20:24:32,FR,Android,Paid Search
1216,2024-03-24 23:31:11,FR,Android,Paid Search
1217,2024-05-14 02:53:02,FR,Web,Paid Search
1218,2024-09-21 22:19:35,IT,Web,Referral
1219,2024-05-25 23:36:34,IT,Web,Referral
1220,2024-07-30 06:50:41,AT,iOS,Paid Search
1221,2024-05-28 04:01:04,IT,Android,Influencer
1222,2024-08-19 09:54:29,IT,Web,Social
1223,2024-04-06 11:40:27,AT,iOS,Organic
1224,2024-09-30 00:48:20,DE,iOS,Referral
1225,2024-05-17 04:33:09,IT,Android,Organic
1226,2024-04-29 03:17:02,DE,iOS,Social
1227,2024-04-21 12:26:55,FR,Android,Social
1228,2024-07-09 16:52:56,IT,iOS,Referral
1229,2024-02-11 05:19:08,AT,Android,Social
1230,2024-02-06 19:46:37,FR,iOS,Paid Search
1231,2024-05-08 13:53:34,AT,iOS,Paid Search
1232,2024-07-16 16:07:39,DE,Web,Organic
1233,2024-04-11 16:46:42,IT,iOS,Influencer
1234,2024-12-06 07:35:21,FR,Android,Referral
1235,2024-06-14 05:46:29,IT,Web,Organic
1236,2024-10-08 18:57:58,AT,Android,Social
1237,2024-11-22 10:52:46,DE,Android,Organic
1238,2024-12-07 07:55:45,AT,iOS,Social
1239,2024-06-15 00:32:54,DE,Android,Influencer
1240,2024-03-02 14:24:39,DE,iOS,Organic
1241,2024-10-24 17:18:14,IT,Web,Paid Search
1242,2024-07-09 03:15:28,DE,iOS,Social
1243,2024-02-16 22:31:27,UK,Web,Organic
1244,2024-01-31 12:56:38,IT,iOS,Influencer
1245,2024-02-24 04:34:52,FR,iOS,Referral
1246,2024-10-12 23:28:15,UK,Android,Paid Search
1247,2024-01-11 13:45:14,UK,Web,Paid Search
1248,2024-05-08 01:26:15,FR,Web,Social
1249,2024-10-13 10:43:48,ES,Web,Social
1250,2024-04-07 20:37:58,DE,Web,Referral
1251,2024-06-14 17:03:13,UK,Web,Influencer
1252,2024-03-23 02:30:27,ES,iOS,Social
1253,2024-05-31 09:35:17,ES,Android,Social
1254,2024-01-01 23:13:47,ES,Android,Paid Search
1255,2024-01-10 22:33:49,UK,Web,Paid Search
1256,2024-06-13 02:18:22,IT,Web,Social
1257,2024-04-07 19:04:50,IT,Android,Influencer
1258,2024-03-19 22:19:12,UK,Android,Social
1259,2024-11-24 11:43:28,AT,iOS,Influencer
1260,2024-12-03 02:25:39,AT,iOS,Paid Search
1261,2024-01-17 07:21:26,AT,Android,Paid Search
1262,2024-02-20 01:09:30,ES,Web,Social
1263,2024-12-02 17:50:13,ES,Web,Influencer
1264,2024-05-11 01:47:13,UK,iOS,Influencer
1265,2024-02-06 00:28:35,DE,Web,Social
1266,2024-02-10 17:02:29,IT,iOS,Referral
1267,2024-10-12 15:08:39,UK,Web,Organic
1268,2024-11-11 09:40:40,ES,iOS,Organic
1269,2024-06-04 02:50:15,DE,Web,Organic
1270,2024-02-21 08:24:39,ES,Android,Paid Search
1271,2024-04-08 19:09:29,IT,iOS,Influencer
1272,2024-11-16 06:30:48,ES,Web,Influencer
1273,2024-07-31 03:50:29,IT,Web,Referral
1274,2024-12-11 16:42:05,IT,Web,Social
1275,2024-02-23 06:04:24,DE,Web,Social
1276,2024-09-15 12:17:18,IT,iOS,Influencer
1277,2024-11-03 16:07:46,UK,Android,Influencer
1278,2024-06-15 13:32:02,FR,Web,Social
1279,2024-06-14 22:09:05,DE,Web,Influencer
1280,2024-04-19 13:39:20,ES,Web,Referral
1281,2024-07-03 16:28:17,FR,Android,Organic
1282,2024-01-18 10:21:27,ES,iOS,Influencer
1283,2024-03-10 10:59:22,AT,Android,Paid Search
1284,2024-04-19 11:27:55,AT,Web,Referral
1285,2024-10-10 18:36:53,ES,Web,Influencer
1286,2024-03-20 03:25:58,AT,Android,Referral
1287,2024-03-20 05:02:21,UK,Android,Influencer
1288,2024-05-07 08:28:59,UK,Android,Organic
1289,2024-10-19 14:33:22,ES,iOS,Organic
1290,2024-06-15 17:34:06,DE,Android,Influencer
1291,2024-02-18 21:40:18,IT,Android,Organic
1292,2024-10-22 13:53:30,AT,iOS,Referral
1293,2024-06-27 15:48:45,FR,iOS,Paid Search
1294,2024-11-30 21:55:44,AT,Web,Social
1295,2024-01-28 11:05:48,ES,iOS,Referral
1296,2024-10-03 20:34:04,DE,Android,Influencer
1297,2024-12-23 08:02:20,DE,iOS,Social
1298,2024-08-16 21:40:05,ES,Web,Organic
1299,2024-04-23 15:43:34,UK,Android,Paid Search
1300,2024-03-08 12:14:22,AT,Android,Influencer
1301,2024-01-26 19:57:27,FR,Android,Organic
1302,2024-07-23 18:16:14,FR,Web,Paid Search
1303,2024-03-10 17:30:35,ES,iOS,Social
1304,2024-07-21 23:44:51,ES,iOS,Influencer
1305,2024-11-11 19:05:14,DE,iOS,Organic
1306,2024-05-16 15:39:29,UK,Web,Influencer
1307,2024-02-15 04:05:49,IT,Android,Social
1308,2024-07-06 12:40:53,DE,Android,Referral
1309,2024-10-31 23:51:45,AT,Android,Paid Search
1310,2024-06-28 22:26:09,FR,Web,Paid Search
1311,2024-08-13 01:38:02,DE,iOS,Referral
1312,2024-03-20 03:07:27,AT,Web,Organic
1313,2024-05-04 22:36:36,DE,Android,Organic
1314,2024-06-24 04:03:05,UK,Android,Social
1315,2024-01-12 12:04:59,DE,Web,Influencer
1316,2024-04-18 07:25:12,ES,Web,Referral
1317,2024-10-07 17:35:11,ES,Web,Paid Search
1318,2024-12-21 00:40:10,FR,Web,Influencer
1319,2024-01-23 09:18:03,DE,iOS,Referral
1320,2024-04-12 22:29:57,UK,iOS,Social
1321,2024-12-01 00:18:12,AT,Android,Referral
1322,2024-12-05 13:06:54,AT,iOS,Referral
1323,2024-11-28 14:04:22,DE,Android,Influencer
1324,2024-12-29 03:37:35,UK,Android,Influencer
1325,2024-09-29 03:12:17,DE,iOS,Influencer
1326,2024-08-22 20:24:50,IT,iOS,Organic
1327,2024-05-06 19:16:31,UK,Android,Social
1328,2024-07-20 05:42:58,AT,Android,Referral
1329,2024-06-30 22:45:50,UK,iOS,Influencer
1330,2024-05-21 02:15:27,IT,Android,Social
1331,2024-01-16 20:12:17,UK,iOS,Paid Search
1332,2024-06-23 14:18:11,IT,iOS,Organic
1333,2024-07-14 18:57:31,IT,Web,Paid Search
1334,2024-08-01 08:45:04,ES,iOS,Social
1335,2024-06-08 22:02:26,UK,Android,Influencer
1336,2024-03-08 07:31:40,IT,iOS,Influencer
1337,2024-10-04 07:21:57,DE,Android,Influencer
1338,2024-03-10 15:39:29,DE,Web,Influencer
1339,2024-03-21 11:33:34,AT,Web,Influencer
1340,2024-03-01 06:42:14,UK,iOS,Organic
1341,2024-06-12 15:04:29,FR,Android,Social
1342,2024-11-22 09:58:07,DE,iOS,Organic
1343,2024-03-08 06:43:35,AT,Web,Influencer
1344,2024-05-16 22:02:57,ES,Web,Paid Search
1345,2024-11-01 08:27:12,DE,Web,Organic
1346,2024-07-02 02:53:37,IT,Android,Paid Search
1347,2024-09-14 22:01:00,FR,Web,Referral
1348,2024-04-04 14:06:25,FR,Android,Paid Search
1349,2024-03-24 07:02:10,DE,iOS,Social
1350,2024-01-08 09:49:30,FR,iOS,Paid Search
1351,2024-04-14 02:24:28,DE,Android,Influencer
1352,2024-09-07 11:49:44,FR,iOS,Social
1353,2024-07-26 01:31:22,ES,Web,Social
1354,2024-06-09 14:21:02,ES,Web,Influencer
1355,2024-10-31 19:31:15,ES,Web,Organic
1356,2024-09-23 03:58:48,FR,Android,Organic
1357,2024-05-05 18:53:07,ES,Android,Organic
1358,2024-10-12 14:06:17,ES,Web,Organic
1359,2024-04-07 10:36:05,FR,Android,Referral
1360,2024-05-26 16:47:49,DE,Android,Referral
1361,2024-11-09 01:59:09,IT,Web,Paid Search
1362,2024-08-25 23:31:25,FR,iOS,Influencer
1363,2024-02-27 06:32:42,ES,Web,Influencer
1364,2024-03-10 14:18:40,FR,Android,Social
1365,2024-01-13 06:30:45,FR,Web,Paid Search
1366,2024-08-20 03:17:00,UK,Android,Paid Search
1367,2024-03-04 03:19:12,AT,Web,Social
1368,2024-11-20 13:12:51,AT,Web,Social
1369,2024-09-18 22:17:05,DE,Android,Influencer
1370,2024-07-13 01:35:54,DE,Android,Influencer
1371,2024-12-03 05:27:52,DE,iOS,Paid Search
1372,2024-12-30 01:52:05,FR,Android,Referral
1373,2024-08-16 10:30:51,IT,iOS,Organic
1374,2024-03-08 07:23:08,AT,Web,Referral
1375,2024-01-07 16:41:55,FR,Android,Influencer
1376,2024-01-03 22:08:09,FR,iOS,Paid Search
1377,2024-10-28 17:19:12,FR,Android,Social
1378,2024-02-10 21:53:22,ES,iOS,Paid Search
1379,2024-10-07 10:07:32,ES,Web,Influencer
1380,2024-04-16 01:46:51,DE,iOS,Organic
1381,2024-11-30 12:42:26,AT,iOS,Organic
1382,2024-12-07 21:02:51,ES,Android,Referral
1383,2024-02-14 01:47:06,AT,Android,Paid Search
1384,2024-03-23 10:21:14,ES,Web,Influencer
1385,2024-10-20 20:28:05,DE,Android,Influencer
1386,2024-07-03 01:18:17,AT,Android,Referral
1387,2024-07-07 13:47:48,AT,Android,Influencer
1388,2024-02-03 10:39:42,FR,iOS,Organic
1389,2024-12-21 09:59:28,UK,Web,Social
1390,2024-09-25 07:38:24,IT,iOS,Influencer
1391,2024-01-30 03:58:46,ES,Web,Influencer
1392,2024-02-14 17:36:34,IT,Web,Influencer
1393,2024-12-27 10:27:22,FR,Web,Referral
1394,2024-05-12 19:07:44,ES,Web,Referral
1395,2024-03-07 22:21:56,ES,Android,Influencer
1396,2024-11-19 18:07:19,FR,iOS,Influencer
1397,2024-04-29 10:34:34,DE,iOS,Organic
1398,2024-01-13 16:55:33,IT,iOS,Paid Search
1399,2024-11-11 15:05:46,FR,iOS,Referral
1400,2024-06-28 20:24:14,IT,iOS,Organic
1401,2024-11-23 07:19:30,IT,Android,Referral
1402,2024-02-04 11:12:20,UK,Web,Influencer
1403,2024-06-14 00:13:23,AT,Web,Referral
1404,2024-06-23 14:25:10,IT,Web,Influencer
1405,2024-01-15 06:23:40,DE,Android,Referral
1406,2024-12-10 17:26:37,FR,iOS,Paid Search
1407,2024-09-03 05:39:26,IT,Android,Influencer
1408,2024-06-20 16:50:16,FR,Web,Organic
1409,2024-09-23 10:53:55,ES,Web,Referral
1410,2024-10-11 19:30:39,AT,iOS,Influencer
1411,2024-12-16 12:04:39,UK,iOS,Paid Search
1412,2024-05-23 01:08:05,UK,Android,Influencer
1413,2024-03-25 20:47:19,ES,Android,Paid Search
1414,2024-10-31 04:15:15,UK,Web,Referral
1415,2024-12-29 01:09:05,UK,Android,Organic
1416,2024-09-11 08:39:08,UK,Android,Referral
1417,2024-04-20 19:07:05,UK,iOS,Organic
1418,2024-07-10 01:21:41,DE,iOS,Social
1419,2024-09-16 00:54:28,FR,Web,Paid Search
1420,2024-04-07 12:22:59,FR,Web,Influencer
1421,2024-06-07 11:55:04,DE,iOS,Influencer
1422,2024-12-12 04:49:55,DE,Web,Organic
1423,2024-08-23 14:06:41,IT,Web,Organic
1424,2024-01-03 11:19:20,AT,Web,Influencer
1425,2024-02-14 12:08:04,FR,iOS,Organic
1426,2024-09-23 23:59:34,IT,Android,Organic
1427,2024-10-22 11:21:53,IT,iOS,Referral
1428,2024-04-12 07:00:37,UK,Android,Influencer
1429,2024-06-12 16:03:37,IT,iOS,Referral
1430,2024-03-17 05:44:03,UK,iOS,Organic
1431,2024-11-14 20:22:31,ES,iOS,Paid Search
1432,2024-10-04 12:45:16,ES,Android,Referral
1433,2024-03-13 10:18:48,ES,iOS,Paid Search
1434,2024-02-06 11:20:12,ES,Android,Influencer
1435,2024-08-15 01:50:48,DE,iOS,Social
1436,2024-12-11 01:50:13,AT,Android,Organic
1437,2024-02-14 15:31:37,FR,iOS,Influencer
1438,2024-10-30 22:55:05,IT,Web,Social
1439,2024-11-11 12:56:52,UK,Android,Paid Search
1440,2024-12-31 19:25:24,AT,Android,Influencer
1441,2024-03-08 03:22:58,IT,Android,Organic
1442,2024-08-21 11:18:03,IT,Web,Social
1443,2024-08-28 08:26:08,DE,iOS,Influencer
1444,2024-05-12 13:13:58,FR,iOS,Referral
1445,2024-06-15 16:30:12,FR,iOS,Organic
1446,2024-08-31 04:06:36,UK,Android,Social
1447,2024-03-28 10:16:36,UK,Web,Influencer
1448,2024-03-06 18:29:37,AT,Android,Organic
1449,2024-06-15 20:14:55,IT,iOS,Referral
1450,2024-09-29 16:47:00,FR,Web,Social
1451,2024-05-02 22:36:19,DE,Web,Paid Search
1452,2024-09-03 13:58:27,AT,Android,Paid Search
1453,2024-12-21 21:30:59,FR,Android,Influencer
1454,2024-06-24 19:49:32,IT,iOS,Paid Search
1455,2024-12-05 02:50:09,IT,Web,Influencer
1456,2024-09-06 04:09:44,ES,Web,Social
1457,2024-06-15 20:12:36,AT,Android,Paid Search
1458,2024-06-06 14:46:28,AT,Web,Organic
1459,2024-12-16 21:42:52,FR,Android,Social
1460,2024-11-26 02:14:18,AT,iOS,Paid Search
1461,2024-10-24 23:09:39,AT,iOS,Paid Search
1462,2024-08-19 19:20:32,UK,Android,Influencer
1463,2024-10-22 16:16:50,DE,iOS,Referral
1464,2024-06-02 20:45:47,IT,Android,Social
1465,2024-06-25 03:15:03,ES,iOS,Influencer
1466,2024-09-18 14:42:58,DE,Android,Organic
1467,2024-07-08 19:59:03,AT,iOS,Influencer
1468,2024-07-02 03:59:38,UK,iOS,Paid Search
1469,2024-08-09 21:29:13,FR,Web,Referral
1470,2024-12-30 13:56:13,FR,Android,Social
1471,2024-10-06 07:41:24,IT,iOS,Social
1472,2024-03-12 06:51:11,ES,Android,Referral
1473,2024-08-01 05:37:00,UK,Web,Paid Search
1474,2024-03-09 00:25:20,AT,Web,Organic
1475,2024-03-14 17:43:12,IT,Android,Paid Search
1476,2024-02-13 04:59:45,IT,Android,Social
1477,2024-12-22 22:00:23,FR,Web,Paid Search
1478,2024-08-20 18:32:50,FR,Web,Social
1479,2024-07-15 12:56:10,DE,iOS,Social
1480,2024-11-05 00:16:13,ES,Android,Paid Search
1481,2024-12-30 18:16:02,UK,Android,Influencer
1482,2024-10-22 13:21:39,AT,iOS,Influencer
1483,2024-09-04 13:25:10,AT,Web,Social
1484,2024-12-19 02:54:54,DE,Web,Influencer
1485,2024-05-23 16:55:40,ES,iOS,Influencer
1486,2024-11-08 03:13:12,DE,Android,Organic
1487,2024-12-16 23:04:18,ES,Web,Referral
1488,2024-11-09 01:55:17,UK,Web,Organic
1489,2024-08-28 16:31:51,ES,Android,Influencer
1490,2024-06-18 15:19:43,UK,Android,Referral
1491,2024-03-26 01:17:10,IT,Web,Referral
1492,2024-10-15 09:28:56,AT,Web,Social
1493,2024-10-23 06:09:21,ES,iOS,Referral
1494,2024-11-15 00:59:38,UK,Android,Organic
1495,2024-03-05 18:24:29,AT,Android,Referral
1496,2024-03-08 22:25:13,UK,Android,Referral
1497,2024-01-08 04:03:41,ES,iOS,Influencer
1498,2024-03-18 23:59:56,FR,Android,Paid Search
1499,2024-05-13 08:35:58,FR,iOS,Influencer
1500,2024-01-17 12:28:57,AT,iOS,Influencer
1501,2024-03-19 18:03:24,FR,Android,Paid Search
1502,2024-12-04 16:01:35,IT,Web,Paid Search
1503,2024-04-17 21:02:07,IT,Android,Organic
1504,2024-11-24 09:37:34,AT,iOS,Paid Search
1505,2024-08-25 14:31:04,FR,Android,Social
1506,2024-09-29 08:30:26,FR,Web,Social
1507,2024-08-30 09:33:42,DE,Web,Social
1508,2024-01-07 10:30:52,FR,Android,Referral
1509,2024-09-28 01:29:36,AT,Web,Referral
1510,2024-08-09 22:13:37,IT,Android,Referral
1511,2024-05-18 09:43:27,AT,Android,Influencer
1512,2024-07-19 16:47:18,IT,Web,Paid Search
1513,2024-12-10 21:26:05,DE,Web,Referral
1514,2024-12-12 06:33:02,UK,Web,Organic
1515,2024-12-10 00:18:30,AT,iOS,Social
1516,2024-02-20 19:07:27,AT,Web,Social
1517,2024-06-28 07:59:19,IT,Android,Referral
1518,2024-04-08 01:14:21,AT,Web,Organic
1519,2024-01-30 21:37:54,IT,iOS,Influencer
1520,2024-11-22 04:26:03,IT,iOS,Organic
1521,2024-11-05 04:43:47,FR,Web,Influencer
1522,2024-04-04 04:02:08,IT,iOS,Referral
1523,2024-05-30 17:00:04,IT,iOS,Social
1524,2024-05-21 15:32:45,IT,Web,Referral
1525,2024-05-11 05:53:49,AT,Android,Organic
1526,2024-07-14 14:08:53,UK,iOS,Referral
1527,2024-05-15 06:28:41,FR,iOS,Social
1528,2024-04-12 22:13:13,FR,iOS,Social
1529,2024-02-25 05:14:17,ES,Android,Paid Search
1530,2024-11-10 23:25:23,AT,Android,Referral
1531,2024-02-22 01:16:09,AT,iOS,Influencer
1532,2024-05-08 16:14:02,AT,Android,Paid Search
1533,2024-11-30 23:18:50,AT,iOS,Social
1534,2024-05-16 05:31:11,IT,Android,Social
1535,2024-10-21 00:08:05,ES,Web,Social
1536,2024-09-01 15:52:34,FR,Web,Organic
1537,2024-10-03 08:13:22,AT,Android,Social
1538,2024-03-03 20:39:09,ES,Android,Referral
1539,2024-12-15 11:01:32,FR,iOS,Organic
1540,2024-07-06 19:27:54,UK,iOS,Social
1541,2024-05-28 23:35:07,DE,iOS,Influencer
1542,2024-01-21 13:59:13,IT,iOS,Referral
1543,2024-12-22 14:12:11,AT,Web,Referral
1544,2024-09-06 03:05:23,IT,Android,Paid Search
1545,2024-03-12 01:17:59,DE,iOS,Influencer
1546,2024-05-02 17:48:44,FR,iOS,Influencer
1547,2024-11-25 11:12:14,FR,Web,Social
1548,2024-01-09 01:20:55,UK,iOS,Referral
1549,2024-01-22 14:45:50,AT,iOS,Influencer
1550,2024-08-22 19:32:08,DE,Web,Influencer
1551,2024-04-29 02:37:21,AT,Web,Paid Search
1552,2024-09-07 23:48:19,AT,Android,Influencer
1553,2024-01-24 08:50:08,IT,Web,Paid Search
1554,2024-01-08 06:16:17,IT,iOS,Referral
1555,2024-02-19 16:36:33,ES,iOS,Influencer
1556,2024-02-02 03:52:17,AT,Android,Influencer
1557,2024-11-11 08:01:50,AT,iOS,Social
1558,2024-06-21 14:38:12,UK,iOS,Influencer
1559,2024-10-06 05:00:00,UK,iOS,Organic
1560,2024-10-30 06:18:54,UK,iOS,Organic
1561,2024-05-20 05:08:32,FR,iOS,Referral
1562,2024-10-10 06:00:27,FR,iOS,Influencer
1563,2024-01-21 04:51:21,AT,Web,Influencer
1564,2024-07-11 05:44:37,AT,Android,Organic
1565,2024-01-04 00:15:46,DE,iOS,Influencer
1566,2024-05-25 15:09:15,IT,Android,Paid Search
1567,2024-04-15 05:12:34,IT,Android,Influencer
1568,2024-08-18 15:00:05,DE,iOS,Influencer
1569,2024-12-20 01:22:11,ES,iOS,Social
1570,2024-11-09 03:12:17,IT,Android,Referral
1571,2024-08-02 00:09:59,ES,iOS,Paid Search
1572,2024-03-01 19:18:14,AT,Web,Referral
1573,2024-10-03 18:28:44,DE,Android,Paid Search
1574,2024-05-21 01:55:55,DE,iOS,Paid Search
1575,2024-12-16 17:16:22,FR,iOS,Paid Search
1576,2024-12-09 01:34:11,AT,Web,Referral
1577,2024-05-25 07:37:51,FR,Android,Referral
1578,2024-11-11 16:29:54,AT,iOS,Organic
1579,2024-10-02 06:24:13,DE,iOS,Social
1580,2024-09-20 04:13:32,AT,iOS,Social
1581,2024-10-30 21:06:30,UK,Android,Paid Search
1582,2024-12-12 11:51:28,DE,iOS,Referral
1583,2024-04-26 03:34:13,DE,Web,Social
1584,2024-04-12 13:40:21,DE,iOS,Social
1585,2024-10-26 17:38:12,AT,Android,Paid Search
1586,2024-04-20 22:11:19,FR,iOS,Social
1587,2024-07-10 04:57:58,FR,Web,Paid Search
1588,2024-11-19 13:03:21,UK,iOS,Referral
1589,2024-03-06 01:10:06,IT,Web,Organic
1590,2024-05-23 04:58:11,AT,Android,Social
1591,2024-08-02 06:13:59,UK,iOS,Referral
1592,2024-11-05 05:42:30,IT,Web,Paid Search
1593,2024-10-22 20:07:30,DE,iOS,Social
1594,2024-09-24 17:48:42,DE,Web,Social
1595,2024-08-24 10:09:51,AT,Web,Social
1596,2024-05-06 09:01:23,UK,Android,Influencer
1597,2024-04-23 21:32:44,DE,Web,Organic
1598,2024-08-01 01:36:36,AT,Android,Influencer
1599,2024-01-18 15:29:57,ES,Android,Social
1600,2024-12-22 03:34:04,FR,Android,Paid Search
1601,2024-02-12 20:20:02,AT,Web,Social
1602,2024-04-21 04:49:54,UK,Android,Paid Search
1603,2024-11-27 03:18:12,AT,Android,Referral
1604,2024-03-23 16:43:19,ES,Web,Influencer
1605,2024-01-13 16:33:36,FR,iOS,Social
1606,2024-04-04 13:29:11,IT,Android,Organic
1607,2024-11-17 02:34:26,FR,Web,Referral
1608,2024-09-28 01:11:27,UK,Android,Referral
1609,2024-12-23 22:18:01,ES,Web,Paid Search
1610,2024-12-16 02:56:51,ES,Android,Organic
1611,2024-09-20 13:15:08,AT,iOS,Social
1612,2024-07-06 16:56:34,ES,iOS,Referral
1613,2024-07-06 06:22:52,IT,Web,Organic
1614,2024-10-14 07:27:12,DE,Android,Paid Search
1615,2024-10-03 04:08:04,IT,Android,Influencer
1616,2024-12-25 07:38:18,IT,iOS,Referral
1617,2024-06-29 09:44:03,ES,Web,Social
1618,2024-05-21 01:58:58,AT,Android,Referral
1619,2024-08-19 17:42:10,ES,Web,Organic
1620,2024-08-28 19:21:57,IT,Web,Referral
1621,2024-08-19 22:36:29,UK,Web,Organic
1622,2024-04-06 16:40:14,AT,iOS,Social
1623,2024-04-01 10:29:57,AT,iOS,Paid Search
1624,2024-05-21 04:04:43,IT,iOS,Social
1625,2024-03-18 07:26:12,ES,Web,Organic
1626,2024-05-30 15:09:56,IT,Web,Paid Search
1627,2024-08-30 12:37:22,FR,Android,Organic
1628,2024-05-29 06:53:00,AT,iOS,Paid Search
1629,2024-09-23 23:28:18,UK,Android,Influencer
1630,2024-06-24 23:52:31,IT,Android,Social
1631,2024-10-30 19:18:09,ES,Android,Social
1632,2024-06-04 20:39:10,DE,Android,Paid Search
1633,2024-05-13 08:15:24,FR,Android,Referral
1634,2024-01-25 05:24:03,UK,Android,Social
1635,2024-03-26 22:31:25,DE,Web,Influencer
1636,2024-05-26 06:38:11,DE,Web,Paid Search
1637,2024-03-23 08:39:42,AT,iOS,Referral
1638,2024-10-21 04:36:17,FR,Android,Referral
1639,2024-04-04 07:28:10,ES,Web,Organic
1640,2024-12-06 11:32:22,UK,iOS,Referral
1641,2024-08-17 19:39:21,DE,Web,Referral
1642,2024-03-03 00:54:26,FR,Android,Paid Search
1643,2024-08-22 11:39:31,DE,iOS,Influencer
1644,2024-09-16 12:03:41,IT,Web,Referral
1645,2024-08-30 10:33:08,ES,Web,Paid Search
1646,2024-10-16 16:05:47,UK,Web,Organic
1647,2024-09-02 01:27:33,DE,Web,Influencer
1648,2024-02-29 11:13:00,AT,Android,Influencer
1649,2024-04-22 16:14:14,UK,iOS,Referral
1650,2024-01-29 22:08:31,IT,iOS,Influencer
1651,2024-09-26 08:05:16,UK,iOS,Organic
1652,2024-02-12 19:36:10,FR,Web,Organic
1653,2024-09-19 14:21:37,DE,Android,Referral
1654,2024-11-04 22:01:48,ES,iOS,Referral
1655,2024-07-22 05:23:11,IT,Android,Referral
1656,2024-07-16 13:34:27,AT,Android,Referral
1657,2024-06-28 11:13:01,FR,Web,Organic
1658,2024-04-20 16:10:24,IT,Android,Social
1659,2024-05-27 05:57:48,IT,Android,Social
1660,2024-03-12 21:22:42,ES,iOS,Paid Search
1661,2024-04-16 11:02:25,FR,Web,Referral
1662,2024-02-03 21:30:21,FR,iOS,Organic
1663,2024-07-28 23:15:29,UK,Android,Paid Search
1664,2024-10-11 16:49:30,IT,Web,Paid Search
1665,2024-04-12 06:46:20,FR,Android,Influencer
1666,2024-09-08 01:32:15,UK,Web,Referral
1667,2024-09-09 20:21:46,IT,Android,Paid Search
1668,2024-01-14 00:05:20,DE,Android,Referral
1669,2024-11-23 23:10:35,FR,iOS,Referral
1670,2024-08-01 06:31:50,FR,Web,Paid Search
1671,2024-01-15 04:20:44,UK,Android,Organic
1672,2024-11-02 13:10:16,ES,Android,Influencer
1673,2024-08-11 09:23:24,IT,Web,Social
1674,2024-12-21 04:21:14,UK,Web,Influencer
1675,2024-01-09 09:26:58,DE,Web,Organic
1676,2024-03-15 11:38:21,FR,Web,Paid Search
1677,2024-07-01 05:56:45,AT,Android,Referral
1678,2024-08-02 23:09:54,UK,iOS,Referral
1679,2024-05-29 19:16:57,IT,iOS,Influencer
1680,2024-04-09 22:51:57,DE,iOS,Influencer
1681,2024-03-26 19:47:45,UK,Android,Referral
1682,2024-05-18 13:11:56,AT,Web,Influencer
1683,2024-06-29 05:13:57,AT,iOS,Influencer
1684,2024-05-24 13:34:51,FR,Android,Referral
1685,2024-03-24 03:43:44,DE,iOS,Influencer
1686,2024-04-23 06:51:36,ES,Web,Influencer
1687,2024-09-29 20:03:55,IT,iOS,Social
1688,2024-08-23 02:46:53,AT,iOS,Organic
1689,2024-09-02 12:40:40,UK,Web,Referral
1690,2024-03-12 16:05:25,ES,Web,Referral
1691,2024-03-29 11:05:35,AT,Web,Organic
1692,2024-04-23 04:41:10,IT,iOS,Paid Search
1693,2024-06-06 04:33:49,DE,iOS,Organic
1694,2024-08-05 04:04:03,AT,iOS,Social
1695,2024-08-08 01:32:52,DE,iOS,Organic
1696,2024-12-03 18:41:42,ES,iOS,Social
1697,2024-03-01 09:12:42,AT,iOS,Referral
1698,2024-12-07 00:22:26,AT,iOS,Influencer
1699,2024-04-15 21:23:38,DE,iOS,Referral
1700,2024-01-15 03:18:18,DE,Web,Referral
1701,2024-10-23 12:39:51,UK,iOS,Influencer
1702,2024-11-09 08:48:16,ES,Web,Organic
1703,2024-02-20 21:02:57,AT,Web,Paid Search
1704,2024-04-08 10:15:43,DE,Web,Organic
1705,2024-02-20 07:47:31,ES,Web,Social
1706,2024-07-06 21:27:31,DE,Android,Organic
1707,2024-04-02 12:55:07,FR,Android,Paid Search
1708,2024-09-20 08:17:05,FR,iOS,Referral
1709,2024-03-04 16:57:46,AT,Web,Paid Search
1710,2024-09-10 13:09:09,IT,Android,Influencer
1711,2024-01-21 02:59:40,UK,Android,Organic
1712,2024-07-16 10:19:33,FR,Web,Referral
1713,2024-12-17 16:09:50,DE,Web,Social
1714,2024-05-28 15:34:53,DE,iOS,Social
1715,2024-12-13 13:22:41,DE,iOS,Social
1716,2024-12-10 03:49:45,FR,Android,Influencer
1717,2024-12-03 03:05:41,AT,iOS,Social
1718,2024-07-24 21:30:05,AT,Web,Paid Search
1719,2024-02-03 13:14:32,DE,Android,Paid Search
1720,2024-10-31 14:43:10,AT,iOS,Social
1721,2024-09-12 10:08:25,IT,Web,Influencer
1722,2024-05-19 23:26:28,FR,Android,Social
1723,2024-12-07 21:57:38,FR,Android,Influencer
1724,2024-05-22 05:21:56,FR,iOS,Organic
1725,2024-05-08 17:48:58,FR,iOS,Paid Search
1726,2024-01-16 03:37:35,IT,iOS,Organic
1727,2024-09-12 00:58:26,DE,Android,Influencer
1728,2024-12-13 11:54:14,DE,Android,Influencer
1729,2024-11-15 03:30:26,AT,Web,Influencer
1730,2024-09-09 16:58:02,DE,Android,Social
1731,2024-09-08 18:22:44,UK,Web,Referral
1732,2024-10-03 19:54:06,AT,iOS,Social
1733,2024-03-01 13:58:03,FR,Android,Social
1734,2024-08-14 16:44:08,AT,iOS,Paid Search
1735,2024-10-12 11:02:00,IT,iOS,Social
1736,2024-08-08 04:53:47,UK,Web,Social
1737,2024-09-06 03:58:56,ES,Web,Social
1738,2024-12-03 20:09:45,IT,Web,Influencer
1739,2024-08-28 17:19:38,ES,iOS,Influencer
1740,2024-01-29 14:14:59,UK,Android,Influencer
1741,2024-07-12 22:27:43,IT,Android,Referral
1742,2024-06-13 02:14:10,AT,Web,Organic
1743,2024-03-06 13:20:26,UK,Web,Influencer
1744,2024-01-14 22:45:40,UK,Android,Organic
1745,2024-08-07 12:33:58,UK,Android,Referral
1746,2024-01-29 08:53:31,DE,iOS,Referral
1747,2024-10-30 03:05:33,IT,iOS,Referral
1748,2024-02-28 12:17:29,DE,iOS,Influencer
1749,2024-06-15 01:21:39,FR,Web,Social
1750,2024-10-17 18:44:30,FR,Android,Organic
1751,2024-12-22 17:06:04,ES,iOS,Referral
1752,2024-07-12 20:45:57,FR,Android,Influencer
1753,2024-02-20 17:46:50,AT,Web,Paid Search
1754,2024-06-21 18:05:07,ES,Web,Referral
1755,2024-03-26 22:23:06,UK,Android,Social
1756,2024-04-13 18:05:36,IT,iOS,Influencer
1757,2024-04-19 10:27:44,UK,iOS,Referral
1758,2024-10-20 14:38:14,DE,Web,Organic
1759,2024-10-23 03:26:56,ES,Android,Referral
1760,2024-02-04 20:37:22,ES,Android,Social
1761,2024-04-17 12:38:43,AT,Web,Referral
1762,2024-09-15 10:55:09,FR,Web,Influencer
1763,2024-06-09 07:17:04,FR,Android,Referral
1764,2024-11-15 18:45:50,FR,Web,Influencer
1765,2024-04-02 00:40:38,IT,Web,Influencer
1766,2024-04-05 21:00:08,FR,iOS,Social
1767,2024-05-17 23:13:34,ES,Web,Social
1768,2024-10-16 22:49:10,AT,Web,Paid Search
1769,2024-07-05 16:50:19,DE,iOS,Paid Search
1770,2024-12-16 10:55:57,FR,Android,Referral
1771,2024-02-02 23:04:50,DE,Android,Referral
1772,2024-05-26 23:31:18,DE,Android,Influencer
1773,2024-04-30 14:46:37,DE,iOS,Paid Search
1774,2024-04-08 01:00:31,DE,Android,Social
1775,2024-09-05 20:22:57,FR,Android,Organic
1776,2024-04-13 05:48:07,UK,iOS,Organic
1777,2024-05-12 10:06:48,IT,Web,Paid Search
1778,2024-11-25 01:32:15,IT,Android,Organic
1779,2024-01-29 03:03:20,UK,Web,Referral
1780,2024-02-02 14:49:07,UK,Web,Organic
1781,2024-07-22 05:07:03,DE,iOS,Influencer
1782,2024-09-13 04:23:32,ES,Web,Influencer
1783,2024-09-25 09:10:04,FR,iOS,Paid Search
1784,2024-11-03 04:27:07,UK,Android,Influencer
1785,2024-07-18 08:35:24,FR,iOS,Paid Search
1786,2024-02-24 06:22:37,DE,Android,Social
1787,2024-07-28 09:15:32,ES,iOS,Social
1788,2024-09-30 13:38:33,IT,iOS,Referral
1789,2024-10-06 15:25:45,FR,Web,Paid Search
1790,2024-05-22 05:16:33,UK,Android,Referral
1791,2024-06-06 00:46:02,IT,Web,Organic
1792,2024-12-05 01:59:26,IT,Web,Paid Search
1793,2024-05-09 20:07:27,FR,Android,Referral
1794,2024-12-16 04:26:37,ES,iOS,Social
1795,2024-07-17 00:17:11,FR,Android,Referral
1796,2024-02-16 08:34:22,UK,iOS,Paid Search
1797,2024-08-12 22:59:12,UK,Web,Social
1798,2024-01-18 09:58:38,AT,Android,Social
1799,2024-07-30 12:06:50,IT,Android,Organic
1800,2024-03-23 09:30:05,ES,iOS,Referral
1801,2024-08-03 21:55:20,IT,Web,Referral
1802,2024-08-20 00:59:44,AT,Web,Paid Search
1803,2024-11-18 16:08:37,IT,iOS,Organic
1804,2024-07-24 07:17:04,IT,Android,Referral
1805,2024-10-21 02:59:38,AT,iOS,Paid Search
1806,2024-09-21 23:38:09,DE,Web,Social
1807,2024-06-12 16:26:17,FR,Web,Paid Search
1808,2024-05-13 06:18:58,IT,Web,Referral
1809,2024-05-24 07:13:59,AT,Android,Referral
1810,2024-04-03 14:19:36,FR,Web,Paid Search
1811,2024-01-11 00:50:10,ES,Web,Influencer
1812,2024-11-16 08:19:37,AT,Android,Paid Search
1813,2024-05-14 06:08:39,AT,Android,Influencer
1814,2024-08-07 21:51:34,UK,iOS,Organic
1815,2024-07-07 06:11:38,ES,iOS,Organic
1816,2024-09-26 15:50:37,FR,Web,Social
1817,2024-03-01 08:10:23,IT,iOS,Paid Search
1818,2024-05-16 10:29:03,IT,Android,Social
1819,2024-03-07 15:42:12,DE,Web,Paid Search
1820,2024-05-24 06:53:40,FR,iOS,Social
1821,2024-03-15 01:02:51,UK,Android,Paid Search
1822,2024-11-12 16:25:10,DE,Android,Influencer
1823,2024-12-16 23:33:54,FR,iOS,Organic
1824,2024-08-28 04:50:59,UK,Web,Social
1825,2024-12-17 07:43:35,IT,Android,Social
1826,2024-11-01 09:19:44,AT,iOS,Influencer
1827,2024-01-31 01:53:50,UK,iOS,Social
1828,2024-06-30 22:04:38,IT,Web,Organic
1829,2024-01-03 09:14:07,ES,Web,Social
1830,2024-06-03 14:22:13,IT,Android,Paid Search
1831,2024-10-13 01:29:50,ES,iOS,Referral
1832,2024-03-27 18:20:27,FR,Android,Social
1833,2024-03-08 03:15:50,UK,Web,Influencer
1834,2024-08-09 05:09:45,UK,iOS,Referral
1835,2024-01-23 04:39:20,FR,Android,Referral
1836,2024-08-08 10:18:03,UK,Web,Referral
1837,2024-09-21 11:23:46,FR,iOS,Referral
1838,2024-09-08 05:30:26,ES,Web,Social
1839,2024-01-28 06:52:42,DE,iOS,Paid Search
1840,2024-04-03 01:18:20,FR,Android,Paid Search
1841,2024-12-27 17:00:28,FR,iOS,Social
1842,2024-01-21 16:04:30,UK,Web,Influencer
1843,2024-09-05 16:39:59,FR,iOS,Paid Search
1844,2024-03-04 12:43:43,AT,iOS,Referral
1845,2024-04-02 06:07:38,IT,Web,Referral
1846,2024-10-15 21:19:25,DE,Web,Organic
1847,2024-09-26 20:46:54,DE,Android,Organic
1848,2024-05-06 18:08:08,IT,iOS,Referral
1849,2024-01-14 10:21:01,IT,Web,Organic
1850,2024-07-20 13:36:03,ES,iOS,Referral
1851,2024-03-19 01:03:04,AT,Android,Social
1852,2024-08-20 22:52:39,UK,Web,Organic
1853,2024-06-17 01:35:47,IT,Web,Social
1854,2024-06-15 20:43:20,DE,iOS,Organic
1855,2024-11-25 10:18:07,UK,iOS,Organic
1856,2024-10-07 21:55:43,FR,iOS,Social
1857,2024-05-10 06:28:52,DE,Android,Organic
1858,2024-01-11 07:34:52,DE,Android,Social
1859,2024-05-25 23:33:45,IT,iOS,Organic
1860,2024-06-01 17:52:16,FR,Web,Referral
1861,2024-12-16 21:58:23,DE,Android,Organic
1862,2024-07-07 18:39:54,DE,Android,Social
1863,2024-07-17 17:20:47,UK,Web,Influencer
1864,2024-08-04 03:17:05,FR,Android,Influencer
1865,2024-04-05 15:48:19,IT,Android,Organic
1866,2024-01-21 18:41:24,UK,Android,Paid Search
1867,2024-11-27 05:38:45,FR,Web,Influencer
1868,2024-02-12 10:35:03,FR,Android,Organic
1869,2024-09-01 10:56:13,DE,iOS,Referral
1870,2024-05-07 19:02:42,FR,Android,Influencer
1871,2024-01-25 20:03:39,AT,iOS,Influencer
1872,2024-02-25 18:35:32,FR,Android,Organic
1873,2024-08-25 20:41:51,UK,Android,Referral
1874,2024-10-26 02:58:37,ES,iOS,Organic
1875,2024-12-04 16:51:10,DE,iOS,Social
1876,2024-01-24 03:01:57,FR,Web,Referral
1877,2024-06-09 21:22:46,IT,Android,Social
1878,2024-11-15 09:39:03,UK,iOS,Paid Search
1879,2024-04-04 02:50:52,IT,Web,Referral
1880,2024-12-10 03:52:16,FR,Web,Organic
1881,2024-01-03 14:22:44,AT,iOS,Paid Search
1882,2024-12-01 17:22:17,FR,Web,Social
1883,2024-12-02 21:54:50,IT,Android,Referral
1884,2024-11-12 22:27:17,UK,Web,Social
1885,2024-06-03 03:11:26,DE,iOS,Organic
1886,2024-04-07 04:04:28,AT,Web,Paid Search
1887,2024-01-14 07:37:04,FR,Web,Paid Search
1888,2024-11-28 08:48:10,FR,Web,Influencer
1889,2024-04-07 03:08:04,UK,Android,Paid Search
1890,2024-08-30 15:21:36,AT,iOS,Paid Search
1891,2024-03-19 16:12:41,FR,Android,Organic
1892,2024-08-18 21:18:26,DE,iOS,Referral
1893,2024-10-18 14:15:45,AT,Android,Organic
1894,2024-02-22 22:57:09,IT,Android,Social
1895,2024-09-10 21:04:06,ES,Web,Influencer
1896,2024-05-28 01:20:51,FR,Android,Social
1897,2024-09-19 21:31:08,IT,Web,Social
1898,2024-04-28 02:12:36,ES,iOS,Social
1899,2024-10-22 11:29:59,ES,iOS,Referral
1900,2024-11-27 15:11:15,FR,iOS,Social
1901,2024-11-14 23:31:36,UK,Android,Social
1902,2024-01-11 05:52:26,UK,Web,Paid Search
1903,2024-08-28 12:31:08,FR,iOS,Influencer
1904,2024-04-22 21:23:45,IT,Android,Influencer
1905,2024-12-02 17:03:22,DE,Android,Social
1906,2024-08-01 23:45:24,IT,Android,Social
1907,2024-03-23 22:38:26,DE,Android,Organic
1908,2024-12-07 17:34:53,DE,iOS,Paid Search
1909,2024-03-21 22:03:16,FR,iOS,Social
1910,2024-09-09 11:03:20,DE,iOS,Influencer
1911,2024-01-25 00:39:36,UK,Android,Referral
1912,2024-12-12 05:46:28,DE,Web,Organic
1913,2024-02-02 12:17:47,FR,iOS,Influencer
1914,2024-04-26 04:23:38,ES,iOS,Social
1915,2024-05-12 12:23:26,UK,iOS,Influencer
1916,2024-05-16 05:30:15,IT,Web,Influencer
1917,2024-12-08 03:47:30,IT,iOS,Social
1918,2024-08-22 04:02:19,AT,Web,Influencer
1919,2024-02-22 20:28:44,AT,Web,Organic
1920,2024-03-26 22:56:05,AT,iOS,Referral
1921,2024-03-21 10:38:09,IT,Android,Influencer
1922,2024-09-12 03:36:54,DE,Web,Referral
1923,2024-06-20 05:00:58,AT,iOS,Social
1924,2024-07-31 00:14:23,DE,Android,Referral
1925,2024-05-26 18:23:14,DE,iOS,Referral
1926,2024-07-09 15:06:36,UK,Web,Paid Search
1927,2024-03-18 19:17:02,FR,iOS,Paid Search
1928,2024-08-07 15:03:06,FR,Android,Influencer
1929,2024-12-15 13:10:18,AT,Android,Paid Search
1930,2024-01-06 18:50:09,AT,iOS,Referral
1931,2024-06-10 14:37:25,DE,Android,Organic
1932,2024-07-20 01:21:01,IT,Web,Paid Search
1933,2024-10-21 02:06:17,IT,Web,Influencer
1934,2024-05-31 15:15:59,FR,Web,Influencer
1935,2024-06-04 11:25:16,UK,iOS,Referral
1936,2024-09-27 22:13:26,DE,Web,Social
1937,2024-08-16 23:26:34,DE,Web,Influencer
1938,2024-11-12 23:44:23,FR,Web,Referral
1939,2024-11-28 14:43:39,DE,Android,Organic
1940,2024-01-19 19:34:02,UK,Android,Paid Search
1941,2024-09-23 19:41:22,UK,iOS,Organic
1942,2024-09-18 20:05:23,UK,Web,Referral
1943,2024-11-21 05:49:35,AT,iOS,Influencer
1944,2024-10-30 09:25:07,DE,Android,Social
1945,2024-09-15 04:01:15,IT,iOS,Referral
1946,2024-05-12 22:49:40,ES,Android,Organic
1947,2024-01-25 23:42:02,AT,Android,Referral
1948,2024-10-20 00:11:23,FR,Android,Paid Search
1949,2024-10-24 20:35:33,IT,Web,Influencer
1950,2024-10-31 08:30:49,UK,Android,Referral
1951,2024-12-07 20:51:13,IT,iOS,Social
1952,2024-09-23 09:00:57,AT,Android,Influencer
1953,2024-10-25 07:00:38,UK,Android,Organic
1954,2024-03-16 15:29:56,FR,iOS,Organic
1955,2024-02-01 15:28:10,DE,Android,Paid Search
1956,2024-08-16 02:50:33,UK,Web,Influencer
1957,2024-07-25 21:25:01,ES,Web,Social
1958,2024-05-15 21:16:25,FR,Web,Social
1959,2024-08-13 17:49:25,IT,Android,Paid Search
1960,2024-03-14 18:24:54,DE,Android,Social
1961,2024-03-07 18:41:04,ES,iOS,Paid Search
1962,2024-08-21 17:14:03,AT,Web,Paid Search
1963,2024-10-13 13:26:49,AT,Web,Social
1964,2024-02-26 04:24:02,UK,Web,Referral
1965,2024-01-21 19:02:01,DE,iOS,Referral
1966,2024-06-05 13:38:01,UK,Android,Social
1967,2024-01-15 05:12:06,DE,Web,Social
1968,2024-01-25 11:06:38,UK,iOS,Paid Search
1969,2024-09-07 00:04:33,AT,Web,Referral
1970,2024-02-04 01:37:36,FR,Android,Influencer
1971,2024-06-07 20:35:55,FR,Android,Social
1972,2024-08-31 22:03:11,DE,iOS,Influencer
1973,2024-11-21 16:46:55,FR,Web,Social
1974,2024-03-17 11:50:26,AT,Web,Influencer
1975,2024-07-28 14:05:55,DE,Android,Referral
1976,2024-10-03 01:40:05,IT,Android,Referral
1977,2024-11-26 03:13:23,DE,Web,Organic
1978,2024-10-19 22:56:29,IT,Android,Influencer
1979,2024-11-26 04:30:24,IT,Web,Organic
1980,2024-04-08 22:31:34,ES,Web,Organic
1981,2024-10-18 18:59:47,DE,Android,Influencer
1982,2024-01-10 04:22:45,IT,Web,Paid Search
1983,2024-01-10 10:00:39,DE,iOS,Influencer
1984,2024-08-15 03:04:54,ES,Web,Referral
1985,2024-07-24 21:26:27,AT,Android,Organic
1986,2024-06-23 15:54:40,DE,Android,Organic
1987,2024-09-27 11:33:19,FR,Android,Organic
1988,2024-02-28 03:36:59,ES,iOS,Referral
1989,2024-03-14 06:39:02,UK,iOS,Paid Search
1990,2024-06-06 14:49:42,IT,iOS,Organic
1991,2024-11-10 11:50:36,DE,iOS,Organic
1992,2024-06-01 14:11:50,AT,Android,Paid Search
1993,2024-07-30 11:48:15,UK,Android,Organic
1994,2024-01-27 07:22:29,DE,Web,Influencer
1995,2024-05-01 17:56:55,ES,Web,Social
1996,2024-02-28 09:48:16,AT,Android,Social
1997,2024-10-10 14:49:16,AT,Android,Organic
1998,2024-07-27 23:03:59,DE,iOS,Referral
1999,2024-10-10 21:20:30,IT,iOS,Paid Search
2000,2024-10-11 23:43:20,DE,Android,Influencer
